unique_key,law_code,law_title,section,context,auto_category,human_category,correct,reviewer_id,notes,ai_suggested_category,suggestion_method,suggestion_matches_auto,review_status
ป0003-1D-0002-1107,ป0003-1D-0002,ประมวลกฎหมายแพ่งและพาณิชย์,1107,"ประมวลกฎหมายแพ่งและพาณิชย์ มาตรา 1107
เมื่อหุ้นชนิดซึ่งจะต้องลงเงินนั้นได้มีผู้เข้าชื่อซื้อหมดแล้ว ผู้เริ่มก่อการต้องนัดบรรดาผู้เข้าชื่อซื้อหุ้นมาประชุมกันเป็นการประชุมใหญ่โดยไม่ชักช้า ประชุมอันนี้ให้เรียกว่าประชุมตั้งบริษัท
อนึ่ง ให้ผู้เริ่มก่อการส่งรายงานการตั้งบริษัทมีคำรับรองของตนว่าถูกต้อง และมีข้อความที่เกี่ยวแก่กิจการอันจะพึงกระทำในที่ประชุมตั้งบริษัททุก ๆ ข้อตามความในมาตราต่อไปนี้ ไปยังผู้เข้าชื่อซื้อหุ้นทุกคนอย่างน้อยเจ็ดวันก่อนวันนัดประชุม
เมื่อได้ส่งรายงานตั้งบริษัทแก่ผู้เข้าชื่อซื้อหุ้นแล้ว ผู้เริ่มก่อการต้องจัดส่งสำเนารายงานอันมีคำรับรองว่าถูกต้องตามที่บังคับไว้ในมาตรานี้ไปยังนายทะเบียนบริษัทโดยพลัน
อนึ่ง ให้ผู้เริ่มก่อการจัดให้มีบัญชีแถลงรายชื่อ ฐานะ และสำนักของผู้เข้าชื่อซื้อหุ้นกับจำนวนหุ้นซึ่งต่างคนได้ลงชื่อซื้อไว้เพื่อเสนอต่อที่ประชุมนั้นด้วย
บทบัญญัติทั้งหลายแห่งมาตรา 1176, 1187, 1188, 1189, 1191, 1192 และ 1195 นั้น ท่านให้นำมาใช้บังคับแก่การประชุมตั้งบริษัทด้วยโดยอนุโลม",company,,,,,company,"rule-based classify_category(law_title, context); provisional",1,requires human verification
ห0002-1B-0001-23,ห0002-1B-0001,พระราชบัญญัติหอการค้า พ.ศ. 2509,23,"พระราชบัญญัติหอการค้า พ.ศ. 2509 มาตรา 23 สภาหอการค้าแห่งประเทศไทยประกอบด้วยสมาชิกซึ่งเป็นผู้แทนหอการค้าต่างประเทศหอละห้าคน ผู้แทนสมาคมการค้าสมาคมละสองคน ผู้แทนรัฐวิสาหกิจแห่งละสองคน ผู้แทนสหกรณ์แห่งละสองคน และผู้แทนหอการค้าไทยมีจำนวนไม่ต่ำกว่ากึ่งหนึ่งของจำนวนสมาชิกของสภาหอการค้าแห่งประเทศไทย
ผู้แทนหอการค้าไทยตามวรรคหนึ่งต้องประกอบด้วยผู้แทนหอการค้าจังหวัดทุกจังหวัดที่เป็นสมาชิกของหอการค้าไทย
บุคคลธรรมดาหรือนิติบุคคลซึ่งเป็นสมาชิกของหอการค้าไทย หอการค้าจังหวัด หอการค้าต่างประเทศ สมาคมการค้า หรือสหกรณ์ จะเป็นได้แต่เพียงสมาชิกสมทบของสภาหอการค้าแห่งประเทศไทยเท่านั้น",company,,,,,company,"rule-based classify_category(law_title, context); provisional",1,requires human verification
ป0008-1D-0001-70,ป0008-1D-0001,ประมวลรัษฎากร,70,"ประมวลรัษฎากร มาตรา 70 บริษัทหรือห้างหุ้นส่วนนิติบุคคลที่ตั้งขึ้นตามกฎหมายของต่างประเทศมิได้ประกอบกิจการในประเทศไทยแต่ได้รับเงินได้พึงประเมินตามมาตรา 40 (2) (3) (4) (5) หรือ (6) ที่จ่ายจากหรือในประเทศไทย ให้บริษัทหรือห้างหุ้นส่วนนิติบุคคลนั้นเสียภาษี โดยให้ผู้จ่ายหักภาษีจากเงินได้พึงประเมินที่จ่ายตามอัตราภาษีเงินได้สำหรับบริษัทหรือห้างหุ้นส่วนนิติบุคคล แล้วนำส่งอำเภอท้องที่พร้อมกับยื่นรายการตามแบบที่อธิบดีกำหนดภายในเจ็ดวันนับแต่วันสิ้นเดือนของเดือนที่จ่ายเงินได้พึงประเมินนั้น ทั้งนี้ ให้นำมาตรา 54 มาใช้บังคับโดยอนุโลม
(1) เงินได้พึงประเมินตามมาตรา 40 (2) ให้หักค่าใช้จ่ายเป็นการเหมาร้อยละ 20 แต่ต้องไม่เกิน 20,000 บาท แล้วคำนวณภาษีตามอัตราภาษีเงินได้สำหรับบริษัทหรือห้างหุ้นส่วนนิติบุคคล
(2) เงินได้พึงประเมินตามมาตรา 40 (3) หรือ (4) ให้คำนวณภาษีตามอัตราภาษีเงินได้สำหรับบริษัทหรือห้างหุ้นส่วนนิติบุคคล เว้นแต่ในกรณีที่เงินได้พึงประเมินนั้นเป็นดอกเบี้ยที่จ่ายให้แก่บริษัทหรือห้างหุ้นส่วนนิติบุคคลซึ่งประกอบกิจการธนาคาร กิจการประกันภัย หรือกิจการอื่นทำนองเดียวกัน ให้คำนวณภาษีในอัตราร้อยละ 10
(3) เงินได้พึงประเมินตามมาตรา 40 (5) ให้หักค่าใช้จ่ายเป็นการเหมาร้อยละ 10 แล้วคำนวณภาษีตามอัตราภาษีเงินได้สำหรับบริษัทหรือห้างหุ้นส่วนนิติบุคคล
(4) เงินได้พึงประเมินตามมาตรา 40 (6) ให้หักค่าใช้จ่ายเป็นการเหมาร้อยละ 40 แล้วคำนวณภาษีตามอัตราภาษีเงินได้สำหรับบริษัทหรือห้างหุ้นส่วนนิติบุคคล
ความในวรรคหนึ่งมิให้ใช้บังคับในกรณีที่บริษัทหรือห้างหุ้นส่วนนิติบุคคลที่ตั้งขึ้นตามกฎหมายของต่างประเทศ ได้รับเงินได้พึงประเมินที่เป็นดอกเบี้ยจากรัฐบาลหรือสถาบันการเงินที่มีกฎหมายโดยเฉพาะของประเทศไทยจัดตั้งขึ้นสำหรับให้กู้ยืมเงินเพื่อส่งเสริมเกษตรกรรม พาณิชยกรรม หรืออุตสาหกรรม",company,,,,,company,"rule-based classify_category(law_title, context); provisional",1,requires human verification
บ0011-1B-0001-103,บ0011-1B-0001,พระราชบัญญัติบริษัทมหาชนจำกัด พ.ศ. 2535,103,"พระราชบัญญัติบริษัทมหาชนจำกัด พ.ศ. 2535 มาตรา 103 เว้นแต่พระราชบัญญัตินี้จะบัญญัติไว้เป็นอย่างอื่น ในการประชุมผู้ถือหุ้น ต้องมีผู้ถือหุ้นและผู้รับมอบฉันทะจากผู้ถือหุ้น (ถ้ามี) มาประชุมไม่น้อยกว่ายี่สิบห้าคนหรือไม่น้อยกว่ากึ่งหนึ่งของจำนวนผู้ถือหุ้นทั้งหมดและต้องมีหุ้นนับรวมกันได้ไม่น้อยกว่าหนึ่งในสามของจำนวนหุ้นที่จำหน่ายได้ทั้งหมด จึงจะเป็นองค์ประชุม
ในกรณีที่ปรากฏว่าการประชุมผู้ถือหุ้นครั้งใด เมื่อล่วงเวลานัดไปแล้วถึงหนึ่งชั่วโมงจำนวนผู้ถือหุ้นซึ่งมาเข้าร่วมประชุมไม่ครบเป็นองค์ประชุมตามที่กำหนดไว้ในวรรคหนึ่ง หากว่าการประชุมผู้ถือหุ้นนั้นได้เรียกนัดเพราะผู้ถือหุ้นร้องขอตามมาตรา 100 การประชุมเป็นอันระงับไป ถ้าการประชุมผู้ถือหุ้นนั้นมิใช่เป็นการเรียกประชุมเพราะผู้ถือหุ้นร้องขอตามมาตรา 100 ให้นัดประชุมใหม่ และให้ส่งหนังสือนัดประชุมไปยังผู้ถือหุ้นไม่น้อยกว่าเจ็ดวันก่อนวันประชุม ในการประชุมครั้งหลังนี้ไม่บังคับว่าจะต้องครบองค์ประชุม",company,,,,,company,"rule-based classify_category(law_title, context); provisional",1,requires human verification
ป0003-1D-0002-1125,ป0003-1D-0002,ประมวลกฎหมายแพ่งและพาณิชย์,1125,"ประมวลกฎหมายแพ่งและพาณิชย์ มาตรา 1125
หุ้นซึ่งริบแล้วนั้นให้เอาออกขายทอดตลาดโดยไม่ชักช้า ได้จำนวนเงินเท่าใดให้เอาหักใช้ค่าหุ้นที่เรียกกับดอกเบี้ยค้างชำระ ถ้ายังมีเงินเหลือเท่าใดต้องส่งคืนให้แก่ผู้ถือหุ้นนั้น",company,,,,,company,"rule-based classify_category(law_title, context); provisional",1,requires human verification
ก0039-1B-0002-6,ก0039-1B-0002,พระราชบัญญัติกำหนดความผิดเกี่ยวกับห้างหุ้นส่วนจดทะเบียน ห้างหุ้นส่วนจำกัด บริษัทจำกัด สมาคม และมูลนิธิ พ.ศ. 2499,6,พระราชบัญญัติกำหนดความผิดเกี่ยวกับห้างหุ้นส่วนจดทะเบียน ห้างหุ้นส่วนจำกัด บริษัทจำกัด สมาคม และมูลนิธิ พ.ศ. 2499 มาตรา 6 ผู้ใดใช้ชื่อหรือยี่ห้อซึ่งมีอักษรไทยประกอบว่า “บริษัทจำกัด” “บริษัท” หรือ “จำกัด” หรืออักษรต่างประเทศซึ่งมีความหมายดังกล่าวประกอบในดวงตรา ป้ายชื่อ จดหมาย ใบแจ้งความหรือเอกสารอย่างอื่นเกี่ยวกับธุรกิจโดยมิได้เป็นบริษัทจำกัด เว้นแต่เป็นการใช้ในการขอจดทะเบียนเกี่ยวกับการตั้งบริษัท หนังสือชี้ชวนให้เข้าชื่อซื้อหุ้นหรือหนังสือบอกกล่าวป่าวร้อง มีความผิดทางพินัยต้องชำระค่าปรับเป็นพินัยไม่เกินสองหมื่นบาท และชำระค่าปรับเป็นพินัยอีกวันละไม่เกินห้าร้อยบาท* จนกว่าจะได้เลิกใช้หรือจนกว่าจะได้ปฏิบัติให้ถูกต้อง แล้วแต่กรณี,company,,,,,company,"rule-based classify_category(law_title, context); provisional",1,requires human verification
บ0011-1B-0001-132,บ0011-1B-0001,พระราชบัญญัติบริษัทมหาชนจำกัด พ.ศ. 2535,132,"พระราชบัญญัติบริษัทมหาชนจำกัด พ.ศ. 2535 มาตรา 132 เมื่อนายทะเบียนได้รับรายงานผลการตรวจสอบจากผู้ตรวจสอบแล้วให้ดำเนินการดังต่อไปนี้
(1) ส่งสำเนารายงานนั้นไปยังบริษัทภายในเจ็ดวันนับแต่วันที่ได้รับรายงาน
(2) แจ้งต่อเจ้าพนักงานที่เกี่ยวข้องเพื่อดำเนินคดีแก่ผู้ซึ่งกระทำความผิดตามพระราชบัญญัตินี้
(3) สั่งให้บริษัทดำเนินการให้ถูกต้องตามพระราชบัญญัตินี้
(4) แจ้งเป็นหนังสือต่อเจ้าหนี้หรือบุคคลซึ่งอาจได้รับความเสียหายตามที่ปรากฏจากรายงานการตรวจสอบ",company,,,,,company,"rule-based classify_category(law_title, context); provisional",1,requires human verification
บ0011-1B-0001-101,บ0011-1B-0001,พระราชบัญญัติบริษัทมหาชนจำกัด พ.ศ. 2535,101,"พระราชบัญญัติบริษัทมหาชนจำกัด พ.ศ. 2535 มาตรา 101 ในการเรียกประชุมผู้ถือหุ้นนั้น ให้คณะกรรมการจัดทำเป็นหนังสือนัดประชุม ระบุสถานที่ วัน เวลา ระเบียบวาระการประชุม และเรื่องที่จะเสนอต่อที่ประชุมพร้อมด้วยรายละเอียดตามสมควร โดยระบุให้ชัดเจนว่าเป็นเรื่องที่จะเสนอเพื่อทราบ เพื่ออนุมัติ หรือเพื่อพิจารณา แล้วแต่กรณี รวมทั้งความเห็นของคณะกรรมการในเรื่องดังกล่าวและจัดส่งให้ผู้ถือหุ้นและนายทะเบียนทราบไม่น้อยกว่าเจ็ดวันก่อนวันประชุม ทั้งนี้ ให้โฆษณาคำบอกกล่าวนัดประชุมในหนังสือพิมพ์ไม่น้อยกว่าสามวันก่อนวันประชุมด้วย
สถานที่ที่จะใช้เป็นที่ประชุมตามวรรคหนึ่ง ต้องอยู่ในท้องที่อันเป็นที่ตั้งสำนักงานใหญ่ของบริษัทหรือจังหวัดใกล้เคียง เว้นแต่ข้อบังคับจะกำหนดไว้เป็นอย่างอื่น
ในกรณีที่ได้จัดให้มีการประชุมผ่านสื่ออิเล็กทรอนิกส์ตามมาตรา 98 วรรคสาม ให้ถือว่าที่ตั้งสำนักงานใหญ่ของบริษัทเป็นสถานที่จัดการประชุม",company,,,,,company,"rule-based classify_category(law_title, context); provisional",1,requires human verification
ป0003-1D-0002-1216,ป0003-1D-0002,ประมวลกฎหมายแพ่งและพาณิชย์,1216,"ประมวลกฎหมายแพ่งและพาณิชย์ มาตรา 1216
กรรมการก็ดี ลูกจ้างและตัวแทนของบริษัทก็ดี จำต้องส่งสรรพสมุดและเอกสารทั้งปวงซึ่งตนเก็บรักษาหรืออยู่ในอำนาจแห่งตนนั้นให้แก่ผู้ตรวจ
ผู้ตรวจคนหนึ่งคนใดจะให้กรรมการ ลูกจ้าง และตัวแทนของบริษัทสาบานตัวแล้วสอบถามคำให้การในเรื่องอันเนื่องด้วยการงานของบริษัทนั้นก็ได้",company,,,,,company,"rule-based classify_category(law_title, context); provisional",1,requires human verification
ป0003-1D-0002-1101,ป0003-1D-0002,ประมวลกฎหมายแพ่งและพาณิชย์,1101,"ประมวลกฎหมายแพ่งและพาณิชย์ มาตรา 1101
บุคคลซึ่งเป็นกรรมการของบริษัทจำกัดจะรับผิดโดยไม่จำกัดก็ได้ ถ้ากรณีเป็นเช่นนั้นไซร้ ท่านว่าต้องจดแถลงความรับผิดเช่นนั้นลงไว้ในหนังสือบริคณห์สนธิด้วย
อันความรับผิดโดยไม่จำกัดของผู้เป็นกรรมการนั้น ย่อมถึงที่สุดเมื่อล่วงเวลาสองปีนับแต่วันที่ตัวเขาออกจากตำแหน่งกรรมการ",company,,,,,company,"rule-based classify_category(law_title, context); provisional",1,requires human verification
ว0083-1B-0001-36,ว0083-1B-0001,พระราชบัญญัติวินัยการเงินการคลังของรัฐ พ.ศ. 2561,36,"พระราชบัญญัติวินัยการเงินการคลังของรัฐ พ.ศ. 2561 มาตรา 36 ภายใต้บังคับบทบัญญัติวรรคสองและวรรคสาม การจัดสรรเงินกำไรสุทธิของรัฐวิสาหกิจเพื่อนำส่งคลัง ให้เป็นไปตามวิธีการที่กำหนดไว้ในกฎหมายจัดตั้งรัฐวิสาหกิจนั้น
ให้รัฐวิสาหกิจที่ไม่อยู่ในบังคับต้องเสียภาษีเงินได้นิติบุคคลจัดสรรกำไรสุทธิประจำปีเพื่อนำส่งคลังในอัตราไม่น้อยกว่าอัตราภาษีเงินได้นิติบุคคล
ในกรณีที่เห็นสมควร กระทรวงการคลังจะกำหนดให้รัฐวิสาหกิจจัดสรรกำไรสุทธิหรือกำไรสะสม เพื่อนำส่งคลังเพิ่มเติมจากวรรคสองในจำนวนที่กระทรวงการคลังเห็นสมควรก็ได้",company,,,,,financial,"rule-based classify_category(law_title, context); provisional",0,requires human verification
ป0003-1D-0002-1124,ป0003-1D-0002,ประมวลกฎหมายแพ่งและพาณิชย์,1124,"ประมวลกฎหมายแพ่งและพาณิชย์ มาตรา 1124
ถ้าในคำบอกกล่าวมีข้อแถลงความถึงการริบหุ้นด้วยแล้ว หากเงินค่าหุ้นที่เรียกกับทั้งดอกเบี้ยยังคงค้างชำระอยู่ตราบใด กรรมการจะบอกริบหุ้นนั้น ๆ เมื่อใดก็ได้",company,,,,,company,"rule-based classify_category(law_title, context); provisional",1,requires human verification
ป0003-1D-0002-1085,ป0003-1D-0002,ประมวลกฎหมายแพ่งและพาณิชย์,1085,"ประมวลกฎหมายแพ่งและพาณิชย์ มาตรา 1085
ถ้าผู้เป็นหุ้นส่วนจำพวกจำกัดความรับผิดได้แสดงด้วยจดหมายหรือใบแจ้งความหรือด้วยวิธีอย่างอื่นให้บุคคลภายนอกทราบว่าตนได้ลงหุ้นไว้มากกว่าจำนวนซึ่งได้จดทะเบียนเพียงใด ท่านว่าผู้นั้นจะต้องรับผิดเท่าถึงจำนวนเพียงนั้น",company,,,,,company,"rule-based classify_category(law_title, context); provisional",1,requires human verification
ป0008-1D-0001-73,ป0008-1D-0001,ประมวลรัษฎากร,73,ประมวลรัษฎากร มาตรา 73 ในกรณีที่บริษัทหรือห้างหุ้นส่วนนิติบุคคลควบเข้ากันกับบริษัทหรือห้างหุ้นส่วนนิติบุคคลอื่นเพื่อประโยชน์ในการคำนวณภาษี ให้ถือว่า แต่ละบริษัทหรือห้างหุ้นส่วนนิติบุคคลซึ่งควบเข้ากันนั้นได้เลิกกันและให้บริษัทหรือห้างหุ้นส่วนนิติบุคคลใหม่อันได้ควบเข้ากันมีหน้าที่และความรับผิดในการยื่นรายการและเสียภาษีแทนแต่ละบริษัทหรือห้างหุ้นส่วนนิติบุคคลซึ่งให้ถือว่าเลิกกันนั้นในกรณีดังกล่าวนี้ให้นำบทบัญญัติมาตรา 72 มาใช้บังคับโดยอนุโลมและสำหรับกรณีบริษัทนิติบุคคลให้กรรมการของบริษัทนิติบุคคลที่ตั้งขึ้นใหม่มีหน้าที่และความรับผิดเช่นเดียวกับผู้ชำระบัญชีตามที่บัญญัติไว้ในมาตรา 72,company,,,,,company,"rule-based classify_category(law_title, context); provisional",1,requires human verification
ป0008-1D-0001-71_3,ป0008-1D-0001,ประมวลรัษฎากร,71 ตรี,"ประมวลรัษฎากร มาตรา 71 ตรี ให้บริษัทหรือห้างหุ้นส่วนนิติบุคคลที่มีความสัมพันธ์กับบริษัทหรือห้างหุ้นส่วนนิติบุคคลอื่นในลักษณะของบริษัทหรือห้างหุ้นส่วนนิติบุคคลที่มีความสัมพันธ์กันตามมาตรา 71 ทวิ วรรคสอง ไม่ว่าความสัมพันธ์นั้นจะมีอยู่ตลอดรอบระยะเวลาบัญชีหรือมีธุรกรรมระหว่างกันในรอบระยะเวลาบัญชีหรือไม่ จัดทำรายงานข้อมูลเกี่ยวกับบริษัทหรือห้างหุ้นส่วนนิติบุคคลที่มีความสัมพันธ์กันและมูลค่ารวมของธุรกรรมระหว่างกันในแต่ละรอบระยะเวลาบัญชีตามแบบที่อธิบดีกำหนด และยื่นต่อเจ้าพนักงานประเมินพร้อมกับการยื่นรายการภายในกำหนดเวลาตามมาตรา 69
ภายในห้าปีนับแต่วันที่ได้ยื่นรายงานข้อมูลเกี่ยวกับบริษัทหรือห้างหุ้นส่วนนิติบุคคลที่มีความสัมพันธ์กันตามวรรคหนึ่ง เจ้าพนักงานประเมินโดยอนุมัติอธิบดี อาจส่งหนังสือแจ้งความแก่บริษัทหรือห้างหุ้นส่วนนิติบุคคลตามวรรคหนึ่ง ให้ยื่นเอกสารหรือหลักฐานแสดงข้อมูลที่จำเป็นสำหรับการวิเคราะห์ข้อกำหนดของธุรกรรมระหว่างบริษัทหรือห้างหุ้นส่วนนิติบุคคลที่มีความสัมพันธ์กันตามที่อธิบดีประกาศกำหนด และผู้ได้รับหนังสือแจ้งความต้องปฏิบัติตามภายในหกสิบวันนับแต่วันที่ได้รับหนังสือแจ้งความ เว้นแต่กรณีที่มีเหตุจำเป็นจนไม่สามารถปฏิบัติตามกำหนดเวลาดังกล่าวได้ อธิบดีจะอนุญาตให้ขยายกำหนดเวลาดังกล่าวออกไปก็ได้ แต่ต้องไม่เกินหนึ่งร้อยยี่สิบวันนับแต่วันที่ได้รับหนังสือแจ้งความ ทั้งนี้ เฉพาะกรณีที่ได้รับหนังสือแจ้งความเป็นครั้งแรก ให้ผู้ได้รับหนังสือแจ้งความต้องปฏิบัติตามภายในหนึ่งร้อยแปดสิบวันนับแต่วันที่ได้รับหนังสือแจ้งความนั้น
ความในมาตรานี้มิให้ใช้บังคับแก่บริษัทหรือห้างหุ้นส่วนนิติบุคคลที่มีรายได้จากกิจการหรือเนื่องจากกิจการที่กระทำในรอบระยะเวลาบัญชี ไม่เกินจำนวนหรือมีลักษณะอื่นใดตามที่กำหนดในกฎกระทรวง ซึ่งจำนวนรายได้ดังกล่าวต้องกำหนดไว้ไม่น้อยกว่าสองร้อยล้านบาท",company,,,,,company,"rule-based classify_category(law_title, context); provisional",1,requires human verification
บ0011-1B-0001-145,บ0011-1B-0001,พระราชบัญญัติบริษัทมหาชนจำกัด พ.ศ. 2535,145,"พระราชบัญญัติบริษัทมหาชนจำกัด พ.ศ. 2535 มาตรา 145 การกู้เงินของบริษัทโดยการออกหุ้นกู้เพื่อเสนอขายต่อประชาชน ให้เป็นไปตามกฎหมายว่าด้วยหลักทรัพย์และตลาดหลักทรัพย์ และให้นำมาตรา 25 มาใช้บังคับโดยอนุโลม
มติที่ให้ออกหุ้นกู้ตามวรรคหนึ่งต้องใช้มติของที่ประชุมผู้ถือหุ้น ด้วยคะแนนเสียงไม่น้อยกว่าสามในสี่ของจำนวนเสียงทั้งหมดของผู้ถือหุ้นซึ่งมาประชุมและมีสิทธิออกเสียงลงคะแนน",company,,,,,company,"rule-based classify_category(law_title, context); provisional",1,requires human verification
ก0039-1B-0002-40,ก0039-1B-0002,พระราชบัญญัติกำหนดความผิดเกี่ยวกับห้างหุ้นส่วนจดทะเบียน ห้างหุ้นส่วนจำกัด บริษัทจำกัด สมาคม และมูลนิธิ พ.ศ. 2499,40,"พระราชบัญญัติกำหนดความผิดเกี่ยวกับห้างหุ้นส่วนจดทะเบียน ห้างหุ้นส่วนจำกัด บริษัทจำกัด สมาคม และมูลนิธิ พ.ศ. 2499 มาตรา 40 บุคคลใดซึ่งรับผิดชอบในการดำเนินงานของห้างหุ้นส่วนจดทะเบียน ห้างหุ้นส่วนจำกัดหรือบริษัทจำกัด รู้ว่าเจ้าหนี้ของนิติบุคคลดังกล่าว หรือเจ้าหนี้ของบุคคลอื่นซึ่งจะใช้สิทธิของเจ้าหนี้ของนิติบุคคลดังกล่าว บังคับการชำระหนี้จากนิติบุคคลดังกล่าว ใช้หรือน่าจะใช้สิทธิเรียกร้องทางศาลให้ชำระหนี้
(1) ย้าย ซ่อน หรือโอนให้แก่ผู้อื่นซึ่งทรัพย์สินของนิติบุคคลดังกล่าว หรือ
(2) แกล้งให้นิติบุคคลดังกล่าวเป็นหนี้ซึ่งไม่เป็นความจริง
ถ้าได้กระทำเพื่อมิให้เจ้าหนี้ได้รับชำระหนี้ทั้งหมดหรือแต่บางส่วน ต้องระวางโทษปรับไม่เกินสามปี หรือปรับไม่เกินหกหมื่นบาท หรือทั้งจำทั้งปรับ",company,,,,,company,"rule-based classify_category(law_title, context); provisional",1,requires human verification
ป0003-1D-0002-879,ป0003-1D-0002,ประมวลกฎหมายแพ่งและพาณิชย์,879,"ประมวลกฎหมายแพ่งและพาณิชย์ มาตรา 879
ผู้รับประกันภัยไม่ต้องรับผิดในเมื่อความวินาศภัยหรือเหตุอื่นซึ่งได้ระบุไว้ในสัญญานั้นได้เกิดขึ้นเพราะความทุจริต หรือความประมาทเลินเล่ออย่างร้ายแรงของผู้เอาประกันภัยหรือผู้รับประโยชน์
ผู้รับประกันภัยไม่ต้องรับผิดในความวินาศภัยอันเป็นผลโดยตรงมาแต่ความไม่สมประกอบในเนื้อแห่งวัตถุที่เอาประกันภัย เว้นแต่จะได้ตกลงกันเป็นอย่างอื่น",company,,,,,other,"rule-based classify_category(law_title, context); provisional",0,requires human verification
บ0011-1B-0001-199,บ0011-1B-0001,พระราชบัญญัติบริษัทมหาชนจำกัด พ.ศ. 2535,199,พระราชบัญญัติบริษัทมหาชนจำกัด พ.ศ. 2535 มาตรา 199 ผู้เริ่มจัดตั้งบริษัทคนใดฝ่าฝืนมาตรา 57 วรรคสอง มีความผิดทางพินัยต้องชำระค่าปรับเป็นพินัยไม่เกินสองหมื่นบาท*หรือสองเท่าของมูลค่าหุ้นที่โอน สุดแต่จำนวนใดจะมากกว่า,company,,,,,company,"rule-based classify_category(law_title, context); provisional",1,requires human verification
ป0003-1D-0002-1102,ป0003-1D-0002,ประมวลกฎหมายแพ่งและพาณิชย์,1102,"ประมวลกฎหมายแพ่งและพาณิชย์ มาตรา 1102
ห้ามมิให้ชี้ชวนประชาชนให้ซื้อหุ้น",company,,,,,company,"rule-based classify_category(law_title, context); provisional",1,requires human verification
ป0008-1D-0001-70_3,ป0008-1D-0001,ประมวลรัษฎากร,70 ตรี,"ประมวลรัษฎากร มาตรา 70 ตรี บริษัทหรือห้างหุ้นส่วนนิติบุคคลใด ส่งสินค้าออกไปต่างประเทศให้แก่หรือตามคำสั่งของสำนักงานใหญ่ สาขา บริษัทหรือห้างหุ้นส่วนนิติบุคคลในเครือเดียวกัน ตัวการ ตัวแทน นายจ้าง หรือลูกจ้าง ให้ถือว่าการที่ได้ส่งสินค้าไปนั้นเป็นการขายในประเทศไทยด้วย และให้ถือราคาสินค้าตามราคาตลาดในวันที่ส่งไปเป็นรายได้ในรอบระยะเวลาบัญชีที่ส่งไปนั้น
ความในวรรคก่อนมิให้ใช้บังคับในกรณีที่สินค้านั้น
(1) เป็นของที่ส่งไปเป็นตัวอย่างหรือเพื่อการวิจัยโดยเฉพาะ
(2) เป็นของผ่านแดน
(3) เป็นของที่นำเข้ามาในราชอาณาจักร แล้วส่งกลับออกไปให้ผู้ส่งเข้ามาภายในหนึ่งปีนับแต่วันที่สินค้านั้นเข้ามาในราชอาณาจักร
(4) เป็นของที่ส่งออกไปนอกราชอาณาจักร แล้วส่งกลับคืนเข้ามาให้ผู้ส่งในราชอาณาจักรภายในหนึ่งปีนับแต่วันที่ส่งสินค้าออกไปนอกราชอาณาจักร",company,,,,,company,"rule-based classify_category(law_title, context); provisional",1,requires human verification
ก0039-1B-0002-64,ก0039-1B-0002,พระราชบัญญัติกำหนดความผิดเกี่ยวกับห้างหุ้นส่วนจดทะเบียน ห้างหุ้นส่วนจำกัด บริษัทจำกัด สมาคม และมูลนิธิ พ.ศ. 2499,64,พระราชบัญญัติกำหนดความผิดเกี่ยวกับห้างหุ้นส่วนจดทะเบียน ห้างหุ้นส่วนจำกัด บริษัทจำกัด สมาคม และมูลนิธิ พ.ศ. 2499 มาตรา 64 มูลนิธิใดมิได้จดทะเบียนข้อบังคับที่ได้แก้ไขเพิ่มเติมต่อนายทะเบียนภายในระยะเวลาที่กำหนดตามมาตรา 126 แห่งประมวลกฎหมายแพ่งและพาณิชย์ มีความผิดทางพินัยต้องชำระค่าปรับเป็นพินัยไม่เกินหนึ่งหมื่นบาท*,company,,,,,company,"rule-based classify_category(law_title, context); provisional",1,requires human verification
บ0011-1B-0001-47,บ0011-1B-0001,พระราชบัญญัติบริษัทมหาชนจำกัด พ.ศ. 2535,47,พระราชบัญญัติบริษัทมหาชนจำกัด พ.ศ. 2535 มาตรา 47 เมื่อบริษัทได้จดทะเบียนแล้ว ผู้ถือหุ้นจะร้องขอให้ศาลเพิกถอนการที่ตนได้ซื้อหุ้นไว้โดยสำคัญผิด ถูกข่มขู่ หรือฉ้อฉลไม่ได้,company,,,,,company,"rule-based classify_category(law_title, context); provisional",1,requires human verification
ป0003-1D-0002-1200,ป0003-1D-0002,ประมวลกฎหมายแพ่งและพาณิชย์,1200,"ประมวลกฎหมายแพ่งและพาณิชย์ มาตรา 1200
การแจกเงินปันผลนั้น ต้องคิดตามส่วนจำนวนซึ่งผู้ถือหุ้นได้ส่งเงินแล้วในหุ้นหนึ่ง ๆ เว้นแต่จะได้ตกลงกันไว้เป็นอย่างอื่นในเรื่องหุ้นบุริมสิทธิ",company,,,,,company,"rule-based classify_category(law_title, context); provisional",1,requires human verification
ป0003-1D-0002-1141,ป0003-1D-0002,ประมวลกฎหมายแพ่งและพาณิชย์,1141,"ประมวลกฎหมายแพ่งและพาณิชย์ มาตรา 1141
สมุดทะเบียนผู้ถือหุ้นนั้น ท่านให้สันนิษฐานไว้ก่อนว่าเป็นพยานหลักฐานอันถูกต้องในข้อกระทงความบรรดาที่กฎหมายบังคับ หรือให้อำนาจให้เอาลงในทะเบียนนั้น",company,,,,,company,"rule-based classify_category(law_title, context); provisional",1,requires human verification
ป0003-1D-0002-1253,ป0003-1D-0002,ประมวลกฎหมายแพ่งและพาณิชย์,1253,"ประมวลกฎหมายแพ่งและพาณิชย์ มาตรา 1253
ภายในสิบสี่วันนับแต่ได้เลิกห้างเลิกบริษัท หรือถ้าศาลได้ตั้งผู้ชำระบัญชีนับแต่วันที่ศาลตั้ง ผู้ชำระบัญชีต้องกระทำดังจะกล่าวต่อไปนี้ คือ
(1) บอกกล่าวแก่ประชาชนโดยประกาศโฆษณาในหนังสือพิมพ์แห่งท้องที่อย่างน้อยหนึ่งคราวว่าห้างหุ้นส่วนหรือบริษัทนั้นได้เลิกกันแล้วและให้ผู้เป็นเจ้าหนี้ทั้งหลายยื่นคำทวงหนี้แก่ผู้ชำระบัญชี
(2) ส่งคำบอกกล่าวอย่างเดียวกันเป็นจดหมายลงทะเบียนไปรษณีย์ไปยังเจ้าหนี้ทั้งหลายทุก ๆ คน บรรดามีชื่อปรากฏในสมุด บัญชีหรือเอกสารของห้างหรือบริษัทนั้น",company,,,,,company,"rule-based classify_category(law_title, context); provisional",1,requires human verification
ก0039-1B-0002-47,ก0039-1B-0002,พระราชบัญญัติกำหนดความผิดเกี่ยวกับห้างหุ้นส่วนจดทะเบียน ห้างหุ้นส่วนจำกัด บริษัทจำกัด สมาคม และมูลนิธิ พ.ศ. 2499,47,"พระราชบัญญัติกำหนดความผิดเกี่ยวกับห้างหุ้นส่วนจดทะเบียน ห้างหุ้นส่วนจำกัด บริษัทจำกัด สมาคม และมูลนิธิ พ.ศ. 2499 มาตรา 47 ผู้ใดเข้าร่วมในที่ประชุมตั้งบริษัทจำกัดหรือในที่ประชุมใหญ่ของบริษัทจำกัด และลงคะแนนออกเสียงหรืองดลงคะแนนออกเสียง โดยลวงว่าตนเป็นผู้เข้าชื่อซื้อหุ้น ผู้ถือหุ้น หรือผู้มีสิทธิออกเสียงแทนผู้เข้าชื่อซื้อหุ้น หรือผู้ถือหุ้น มีความผิดทางพินัยต้องชำระค่าปรับเป็นพินัยไม่เกินหนึ่งหมื่นบาท*
ผู้ใดให้อุปการะแก่การกระทำความผิดดังกล่าวในวรรคหนึ่ง โดยส่งมอบเอกสารแสดงการเข้าชื่อซื้อหุ้น หรือใบหุ้นซึ่งได้ใช้เพื่อการดังกล่าวแล้ว มีความผิดทางพินัยต้องชำระค่าปรับเป็นพินัยเช่นเดียวกัน*",company,,,,,company,"rule-based classify_category(law_title, context); provisional",1,requires human verification
ป0003-1D-0002-1218,ป0003-1D-0002,ประมวลกฎหมายแพ่งและพาณิชย์,1218,"ประมวลกฎหมายแพ่งและพาณิชย์ มาตรา 1218
ค่าใช้สอยในการตรวจเช่นนี้ ผู้ยื่นเรื่องราวขอให้ตรวจต้องใช้ทั้งสิ้น เว้นแต่ถ้าบริษัทในคราวประชุมใหญ่ครั้งแรกเมื่อตรวจสำเร็จลงแล้วได้ยินยอมว่าจะจ่ายจากสินทรัพย์ของบริษัทนั้น",company,,,,,company,"rule-based classify_category(law_title, context); provisional",1,requires human verification
ป0003-1D-0002-1099,ป0003-1D-0002,ประมวลกฎหมายแพ่งและพาณิชย์,1099,"ประมวลกฎหมายแพ่งและพาณิชย์ มาตรา 1099
หนังสือบริคณห์สนธินั้น ท่านให้ทำเป็นต้นฉบับไว้ไม่น้อยกว่าสองฉบับ และให้ลงลายมือชื่อของบรรดาผู้เริ่มก่อการ และลายมือชื่อทั้งปวงนั้นให้มีพยานลงชื่อรับรองด้วยสองคน
หนังสือบริคณห์สนธิซึ่งได้ทำนั้น ท่านบังคับให้นำฉบับหนึ่งไปจดทะเบียนและมอบไว้ ณ หอทะเบียนในส่วนพระราชอาณาเขตซึ่งบ่งไว้ว่าจะบอกทะเบียนตั้งสำนักงานของบริษัทนั้น",company,,,,,company,"rule-based classify_category(law_title, context); provisional",1,requires human verification
ป0003-1D-0002-1186,ป0003-1D-0002,ประมวลกฎหมายแพ่งและพาณิชย์,1186,"ประมวลกฎหมายแพ่งและพาณิชย์ มาตรา 1186
ผู้ทรงใบหุ้นชนิดออกให้แก่ผู้ถือหาอาจออกเสียงเป็นคะแนนได้ไม่ เว้นแต่จะได้นำใบหุ้นของตนนั้นมาวางไว้แก่บริษัทแต่ก่อนเวลาประชุม",company,,,,,company,"rule-based classify_category(law_title, context); provisional",1,requires human verification
ป0008-1D-0001-3_12,ป0008-1D-0001,ประมวลรัษฎากร,3 ทวาทศ,ประมวลรัษฎากร มาตรา 3 ทวาทศ ผู้ใดฝ่าฝืนหรือไม่ปฏิบัติตามประกาศที่ออกตามความในมาตรา 3 เอกาทศ ต้องระวางโทษปรับไม่เกินสองพันบาท,criminal,,,,,criminal,"rule-based classify_category(law_title, context); provisional",1,requires human verification
บ0011-1B-0001-68,บ0011-1B-0001,พระราชบัญญัติบริษัทมหาชนจำกัด พ.ศ. 2535,68,"พระราชบัญญัติบริษัทมหาชนจำกัด พ.ศ. 2535 มาตรา 68 กรรมการต้องเป็นบุคคลธรรมดา และ
(1) บรรลุนิติภาวะ
(2) ไม่เป็นบุคคลล้มละลาย คนไร้ความสามารถ หรือคนเสมือนไร้ความสามารถ
(3) ไม่เคยรับโทษจำคุกโดยคำพิพากษาถึงที่สุดให้จำคุกในความผิดเกี่ยวกับทรัพย์ที่ได้กระทำโดยทุจริต
(4) ไม่เคยถูกลงโทษไล่ออกหรือปลดออกจากราชการ หรือองค์การหรือหน่วยงานของรัฐ ฐานทุจริตต่อหน้าที่",criminal,,,,,criminal,"rule-based classify_category(law_title, context); provisional",1,requires human verification
ท0010-1B-0001-90,ท0010-1B-0001,พระราชบัญญัติทรัสต์เพื่อธุรกรรมในตลาดทุน พ.ศ. 2550,90,พระราชบัญญัติทรัสต์เพื่อธุรกรรมในตลาดทุน พ.ศ. 2550 มาตรา 90 ผู้ใดกระทำด้วยประการใด ๆ อันเป็นการช่วยเหลือหรือให้ความสะดวกในการที่ผู้อื่นกระทำความผิดตามที่บัญญัติไว้ในมาตรา 80 มาตรา 81 มาตรา 82 มาตรา 83 มาตรา 84 มาตรา 85 มาตรา 86 มาตรา 87 หรือมาตรา 88 ไม่ว่าก่อนหรือขณะกระทำความผิด แม้ผู้กระทำความผิดจะมิได้รู้ถึงการช่วยเหลือหรือให้ความสะดวกนั้น ผู้นั้นเป็นผู้สนับสนุนการกระทำความผิด ต้องระวางโทษดังที่บัญญัติไว้ในมาตรานั้น ๆ,criminal,,,,,criminal,"rule-based classify_category(law_title, context); provisional",1,requires human verification
ป0003-1D-0002-193/23,ป0003-1D-0002,ประมวลกฎหมายแพ่งและพาณิชย์,193/23,"ประมวลกฎหมายแพ่งและพาณิชย์ มาตรา 193/23
อายุความสิทธิเรียกร้องอันเป็นคุณหรือเป็นโทษแก่ผู้ตาย ถ้าจะครบกำหนดภายในหนึ่งปีนับแต่วันตาย อายุความนั้นยังไม่ครบกำหนดจนกว่าจะครบหนึ่งปีนับแต่วันตาย",criminal,,,,,criminal,"rule-based classify_category(law_title, context); provisional",1,requires human verification
ห0002-1B-0001-16,ห0002-1B-0001,พระราชบัญญัติหอการค้า พ.ศ. 2509,16,"พระราชบัญญัติหอการค้า พ.ศ. 2509 มาตรา 16 ชื่อของหอการค้าต้องเป็นอักษรไทย แต่จะมีอักษรต่างประเทศกำกับไว้ท้ายหรือใต้ชื่ออักษรไทยด้วยก็ได้ และจะใช้ชื่อได้แต่เฉพาะที่ปรากฏในข้อบังคับเท่านั้น ห้ามมิให้ใช้ข้อความ “หอการค้าจังหวัด หอการค้าไทย หอการค้าต่างประเทศ หรือสภาหอการค้าแห่งประเทศไทย” หรือข้อความที่มีความหมายในทำนองเดียวกัน ประกอบชื่อโดยมิได้เป็นหอการค้าตามพระราชบัญญัตินี้
ให้หอการค้าจัดให้มีป้ายชื่ออ่านได้ชัดเจนติดไว้ที่หน้าสำนักงาน",criminal,,,,,other,"rule-based classify_category(law_title, context); provisional",0,requires human verification
ก0123-1B-0001-131,ก0123-1B-0001,พระราชบัญญัติการประกอบกิจการพลังงาน พ.ศ. 2550,131,พระราชบัญญัติการประกอบกิจการพลังงาน พ.ศ. 2550 มาตรา 131 ผู้ใดไม่อำนวยความสะดวกแก่พนักงานเจ้าหน้าที่ตามมาตรา 122 หรือมาตรา 123 ต้องระวางโทษจำคุกไม่เกินหกเดือน หรือปรับไม่เกินหนึ่งหมื่นบาท หรือทั้งจำทั้งปรับ,criminal,,,,,criminal,"rule-based classify_category(law_title, context); provisional",1,requires human verification
ว0016-1B-0001-11,ว0016-1B-0001,พระราชบัญญัติว่าด้วยความผิดของพนักงานในองค์การหรือหน่วยงานของรัฐ พ.ศ. 2502,11,พระราชบัญญัติว่าด้วยความผิดของพนักงานในองค์การหรือหน่วยงานของรัฐ พ.ศ. 2502 มาตรา 11 ผู้ใดเป็นพนักงาน ปฏิบัติหรือละเว้นการปฏิบัติหน้าที่โดยมิชอบ เพื่อให้เกิดความเสียหายแก่ผู้หนึ่งผู้ใด หรือปฏิบัติหรือละเว้นการปฏิบัติหน้าที่โดยทุจริต ต้องระวางโทษจำคุกตั้งแต่หนึ่งปีถึงสิบปี หรือปรับตั้งแต่สองพันบาทถึงสองหมื่นบาท หรือทั้งจำทั้งปรับ,criminal,,,,,criminal,"rule-based classify_category(law_title, context); provisional",1,requires human verification
ก0070-1B-0003-34,ก0070-1B-0003,พระราชบัญญัติกองทุนสำรองเลี้ยงชีพ พ.ศ. 2530,34,พระราชบัญญัติกองทุนสำรองเลี้ยงชีพ พ.ศ. 2530 มาตรา 34 คณะกรรมการกองทุนใดไม่ปฏิบัติตามมาตรา 11 วรรคสอง มาตรา 21 มาตรา 25 วรรคสาม หรือมาตรา 26 หรือแต่งตั้งบุคคลซึ่งไม่มีคุณสมบัติตามมาตรา 13 เป็นผู้จัดการกองทุน มีความผิดทางพินัยต้องชำระค่าปรับเป็นพินัยไม่เกินหนึ่งหมื่นบาท*,criminal,,,,,criminal,"rule-based classify_category(law_title, context); provisional",1,requires human verification
ว0067-1B-0001-65,ว0067-1B-0001,พระราชบัญญัติวิชาชีพบัญชี พ.ศ. 2547,65,พระราชบัญญัติวิชาชีพบัญชี พ.ศ. 2547 มาตรา 65 ผู้ใดฝ่าฝืนมาตรา 10 ต้องระวางโทษจำคุกไม่เกินสามปี หรือปรับไม่เกินหกหมื่นบาท หรือทั้งจำทั้งปรับ,criminal,,,,,criminal,"rule-based classify_category(law_title, context); provisional",1,requires human verification
ท0010-1B-0001-30,ท0010-1B-0001,พระราชบัญญัติทรัสต์เพื่อธุรกรรมในตลาดทุน พ.ศ. 2550,30,"พระราชบัญญัติทรัสต์เพื่อธุรกรรมในตลาดทุน พ.ศ. 2550 มาตรา 30 ทรัสตีมีหน้าที่จัดการกองทรัสต์ด้วยความซื่อสัตย์สุจริตและระมัดระวังเยี่ยงผู้มีวิชาชีพ รวมทั้งด้วยความชำนาญ โดยปฏิบัติต่อผู้รับประโยชน์อย่างเป็นธรรมเพื่อประโยชน์สูงสุดของผู้รับประโยชน์
เพื่อประโยชน์ในการปฏิบัติหน้าที่ของทรัสตีตามวรรคหนึ่ง คณะกรรมการ ก.ล.ต. อาจประกาศกำหนดรายละเอียดของการทำหน้าที่ดังกล่าวได้
สัญญาก่อตั้งทรัสต์จะมีข้อความยกเว้นความรับผิดในกรณีที่ทรัสตีไม่ปฏิบัติหน้าที่ตามวรรคหนึ่งโดยเจตนา โดยไม่สุจริต หรือโดยประมาทเลินเล่ออย่างร้ายแรงมิได้",criminal,,,,,other,"rule-based classify_category(law_title, context); provisional",0,requires human verification
ก0028-1B-0001-55,ก0028-1B-0001,พระราชบัญญัติการส่งเสริมการอนุรักษ์พลังงาน พ.ศ. 2535,55,พระราชบัญญัติการส่งเสริมการอนุรักษ์พลังงาน พ.ศ. 2535 มาตรา 55 เจ้าของโรงงานควบคุม เจ้าของอาคารควบคุม หรือผู้รับผิดชอบด้านพลังงานผู้ใดไม่ปฏิบัติตามกฎกระทรวงที่ออกตามความในมาตรา 9 หรือมาตรา 21 มีความผิดทางพินัยต้องชำระค่าปรับเป็นพินัยไม่เกินสองแสนบาท*,criminal,,,,,criminal,"rule-based classify_category(law_title, context); provisional",1,requires human verification
ก0028-1B-0001-48/2,ก0028-1B-0001,พระราชบัญญัติการส่งเสริมการอนุรักษ์พลังงาน พ.ศ. 2535,48/2,พระราชบัญญัติการส่งเสริมการอนุรักษ์พลังงาน พ.ศ. 2535 มาตรา 48/2 ผู้รับใบอนุญาตตามมาตรา 48/1 ผู้ใดรายงานผลการตรวจสอบและรับรองตามมาตรา 47 (3) อันเป็นเท็จ หรือไม่ตรงตามความเป็นจริงและศาลได้มีคำพิพากษาถึงที่สุดให้ลงโทษตามมาตรา 56 แห่งพระราชบัญญัตินี้แล้ว ให้อธิบดีสั่งเพิกถอนใบอนุญาต,criminal,,,,,criminal,"rule-based classify_category(law_title, context); provisional",1,requires human verification
ก0164-1B-0001-29,ก0164-1B-0001,พระราชบัญญัติการจัดซื้อจัดจ้างและการบริหารพัสดุภาครัฐ พ.ศ. 2560,29,"พระราชบัญญัติการจัดซื้อจัดจ้างและการบริหารพัสดุภาครัฐ พ.ศ. 2560 มาตรา 29 ให้คณะกรรมการวินิจฉัยมีอำนาจหน้าที่ ดังต่อไปนี้
(1) เสนอแนะแนวทางการปรับปรุงแก้ไขปัญหาเกี่ยวกับการจัดซื้อจัดจ้างและการบริหารพัสดุต่อคณะกรรมการนโยบาย
(2) ให้คำปรึกษาแนะนำแก่เจ้าหน้าที่หรือหน่วยงานของรัฐเกี่ยวกับการปฏิบัติตามพระราชบัญญัตินี้
(3) ตีความและวินิจฉัยปัญหาข้อหารือเกี่ยวกับการปฏิบัติตามพระราชบัญญัตินี้ กฎกระทรวง หรือระเบียบที่ออกตามความในพระราชบัญญัตินี้
(4) ยกเว้นหรือผ่อนผันการไม่ปฏิบัติตามกฎกระทรวงหรือระเบียบที่ออกตามความในพระราชบัญญัตินี้
(5) เสนอความเห็นต่อปลัดกระทรวงการคลังในการพิจารณาสั่งให้ผู้ยื่นข้อเสนอหรือคู่สัญญาเป็นผู้ทิ้งงาน และการเพิกถอนรายชื่อผู้ทิ้งงาน รวมทั้งเสนอความเห็นต่อปลัดกระทรวงการคลังและรัฐมนตรีในการพิจารณาอุทธรณ์คำสั่งลงโทษให้เป็นผู้ทิ้งงาน
(6) จัดทำรายงานเกี่ยวกับปัญหาและอุปสรรคในการจัดซื้อจัดจ้างและการบริหารพัสดุเสนอคณะกรรมการนโยบายอย่างน้อยปีละหนึ่งครั้ง
(7) ปฏิบัติหน้าที่อื่นตามที่กำหนดในพระราชบัญญัตินี้หรือตามที่คณะกรรมการนโยบาย รัฐมนตรี หรือคณะรัฐมนตรีมอบหมาย
ผลการดำเนินการตาม (2) (3) (4) และ (6) ให้ประกาศในระบบเครือข่ายสารสนเทศของกรมบัญชีกลางตามวิธีการที่กรมบัญชีกลางกำหนด
การตีความและวินิจฉัยปัญหาข้อหารือตาม (3) ถ้าหน่วยงานของรัฐมีข้อหารือตามมาตรา 8 มาตรา 13 หรือมาตรา 14 ให้คณะกรรมการวินิจฉัยพิจารณาให้แล้วเสร็จภายในสามสิบวันนับแต่วันที่ได้รับข้อหารือ และให้คณะกรรมการวินิจฉัยมีอำนาจสั่งระงับการจัดซื้อจัดจ้างไว้ก่อนได้หากเห็นสมควร เว้นแต่หน่วยงานของรัฐจะได้ลงนามในสัญญาจัดซื้อจัดจ้างแล้ว
ในกรณีที่คณะกรรมการวินิจฉัยได้มีคำวินิจฉัยตามวรรคสามว่าการไม่ปฏิบัติตามมาตรา 8 มาตรา 13 หรือมาตรา 14 มีผลต่อการจัดซื้อจัดจ้างอย่างมีนัยสำคัญ ให้คณะกรรมการวินิจฉัยมีอำนาจสั่งยกเลิกการจัดซื้อจัดจ้างนั้น เว้นแต่หน่วยงานของรัฐจะได้ลงนามในสัญญาจัดซื้อจัดจ้างแล้ว",criminal,,,,,criminal,"rule-based classify_category(law_title, context); provisional",1,requires human verification
ก0028-1B-0001-53,ก0028-1B-0001,พระราชบัญญัติการส่งเสริมการอนุรักษ์พลังงาน พ.ศ. 2535,53,พระราชบัญญัติการส่งเสริมการอนุรักษ์พลังงาน พ.ศ. 2535 มาตรา 53 เจ้าของโรงงานควบคุมแห่งใดแจ้งรายละเอียดหรือเหตุผลตามมาตรา 8 วรรคสาม อันเป็นเท็จ ต้องระวางโทษจำคุกไม่เกินสามเดือน หรือปรับไม่เกินหนึ่งแสนห้าหมื่นบาท หรือทั้งจำทั้งปรับ,criminal,,,,,criminal,"rule-based classify_category(law_title, context); provisional",1,requires human verification
ท0010-1B-0001-86,ท0010-1B-0001,พระราชบัญญัติทรัสต์เพื่อธุรกรรมในตลาดทุน พ.ศ. 2550,86,พระราชบัญญัติทรัสต์เพื่อธุรกรรมในตลาดทุน พ.ศ. 2550 มาตรา 86 กรรมการ ผู้จัดการ พนักงาน ลูกจ้าง หรือตัวแทนของทรัสตี หรือบุคคลใดซึ่งได้รับมอบหมายให้จัดการกองทรัสต์ กระทำโดยทุจริตเอาทรัพย์สินในกองทรัสต์ไปไม่ว่าเพื่อตนเองหรือบุคคลที่สาม ต้องระวางโทษจำคุกไม่เกินสิบปี หรือปรับไม่เกินสองล้านบาท หรือทั้งจำทั้งปรับ,criminal,,,,,property,"rule-based classify_category(law_title, context); provisional",0,requires human verification
บ0011-1B-0001-210,บ0011-1B-0001,พระราชบัญญัติบริษัทมหาชนจำกัด พ.ศ. 2535,210,พระราชบัญญัติบริษัทมหาชนจำกัด พ.ศ. 2535 มาตรา 210 ผู้ชำระบัญชีผู้ใดไม่ปฏิบัติตามมาตรา 165 มาตรา 166 มาตรา 170 วรรคหนึ่ง มาตรา 174 วรรคหนึ่งหรือวรรคสอง มาตรา 175 มาตรา 176 วรรคหนึ่งหรือวรรคสอง หรือไม่ปฏิบัติตามคำสั่งของนายทะเบียนตามมาตรา 174 วรรคสาม มีความผิดทางพินัยต้องชำระค่าปรับเป็นพินัยไม่เกินสองหมื่นบาท*,criminal,,,,,company,"rule-based classify_category(law_title, context); provisional",0,requires human verification
ท0010-1B-0001-74,ท0010-1B-0001,พระราชบัญญัติทรัสต์เพื่อธุรกรรมในตลาดทุน พ.ศ. 2550,74,พระราชบัญญัติทรัสต์เพื่อธุรกรรมในตลาดทุน พ.ศ. 2550 มาตรา 74 ในการสั่งลงโทษทางปกครอง ผู้มีอำนาจสั่งลงโทษต้องคำนึงถึงพฤติการณ์แห่งการกระทำ ความเสียหายที่เกิดจากการกระทำนั้น ตลอดจนความหนักเบาของโทษที่จะใช้กับผู้ถูกลงโทษ ทั้งนี้ ตามหลักเกณฑ์ที่คณะกรรมการ ก.ล.ต. ประกาศกำหนด,criminal,,,,,criminal,"rule-based classify_category(law_title, context); provisional",1,requires human verification
ป0043-1A-0001-172,ป0043-1A-0001,พระราชบัญญัติประกอบรัฐธรรมนูญว่าด้วยการป้องกันและปราบปรามการทุจริต พ.ศ. 2561,172,พระราชบัญญัติประกอบรัฐธรรมนูญว่าด้วยการป้องกันและปราบปรามการทุจริต พ.ศ. 2561 มาตรา 172 เจ้าพนักงานของรัฐผู้ใดปฏิบัติหรือละเว้นการปฏิบัติอย่างใดในตำแหน่งหรือหน้าที่หรือใช้อำนาจในตำแหน่งหรือหน้าที่โดยมิชอบ เพื่อให้เกิดความเสียหายแก่ผู้หนึ่งผู้ใด หรือปฏิบัติหรือละเว้นการปฏิบัติหน้าที่โดยทุจริต ต้องระวางโทษจำคุกตั้งแต่หนึ่งปีถึงสิบปี หรือปรับตั้งแต่สองหมื่นบาทถึงสองแสนบาท หรือทั้งจำทั้งปรับ,criminal,,,,,criminal,"rule-based classify_category(law_title, context); provisional",1,requires human verification
ห0060-1B-0001-89,ห0060-1B-0001,พระราชบัญญัติหลักประกันทางธุรกิจ พ.ศ. 2558,89,"พระราชบัญญัติหลักประกันทางธุรกิจ พ.ศ. 2558 มาตรา 89 ผู้รับหลักประกันหรือผู้บังคับหลักประกันผู้ใดล่วงรู้หรือได้มาซึ่งข้อมูลหรือความลับในการประกอบธุรกิจหรือข้อมูลอื่นใดของผู้ให้หลักประกันอันเป็นข้อมูลหรือความลับที่ตามปกติวิสัยของผู้ให้หลักประกันจะพึงสงวนไว้ไม่เปิดเผย และเปิดเผยหรือใช้ข้อมูลหรือความลับนั้นเพื่อประโยชน์ตนเองหรือผู้อื่น ต้องระวางโทษจำคุกไม่เกินหนึ่งปี หรือปรับไม่เกินหนึ่งแสนบาท หรือทั้งจำทั้งปรับ เว้นแต่เป็นการเปิดเผยเพื่อประโยชน์ในการปฏิบัติหน้าที่ตามที่กฎหมายบัญญัติไว้หรือเพื่อประโยชน์ในการสอบสวนหรือการพิจารณาคดี หรือเป็นการเปิดเผยโดยผู้ให้หลักประกันได้ให้ความยินยอมแล้ว
ผู้ใดล่วงรู้หรือได้มาซึ่งข้อมูลหรือความลับจากบุคคลตามวรรคหนึ่งเนื่องในการปฏิบัติราชการหรือการสอบสวนหรือการพิจารณาคดี แล้วเปิดเผยข้อมูลหรือความลับนั้นในประการที่น่าจะเสียหายแก่ผู้หนึ่งผู้ใดต้องระวางโทษเช่นเดียวกัน",criminal,,,,,criminal,"rule-based classify_category(law_title, context); provisional",1,requires human verification
ส0065-1B-0001-154,ส0065-1B-0001,พระราชบัญญัติสัญญาซื้อขายล่วงหน้า พ.ศ. 2546,154,พระราชบัญญัติสัญญาซื้อขายล่วงหน้า พ.ศ. 2546 มาตรา 154 ความผิดตามหมวดนี้ที่มีโทษทางปกครองหรือที่มีโทษปรับสถานเดียว หากมิได้มีการลงโทษทางปกครอง หรือมิได้ฟ้องคดีต่อศาล หรือมิได้มีการเปรียบเทียบโดยคณะกรรมการเปรียบเทียบความผิดตามมาตรา 155 ภายในหนึ่งปีนับแต่วันที่พนักงานเจ้าหน้าที่วินิจฉัยว่ามีการกระทำความผิด หรือภายในห้าปีนับแต่วันที่มีการกระทำความผิด เป็นอันขาดอายุความ,criminal,,,,,criminal,"rule-based classify_category(law_title, context); provisional",1,requires human verification
ป0008-1D-0001-90/3,ป0008-1D-0001,ประมวลรัษฎากร,90/3,"ประมวลรัษฎากร มาตรา 90/3 บุคคลดังต่อไปนี้ ฝ่าฝืนหรือไม่ปฏิบัติตามบทบัญญัติที่ระบุไว้ต้องระวางโทษจำคุกไม่เกินหกเดือน หรือปรับไม่เกินหนึ่งหมื่นบาทหรือทั้งจำทั้งปรับ
(1) ตัวแทนผู้ประกอบการจดทะเบียนที่อยู่นอกราชอาณาจักรออกใบกำกับภาษีโดยไม่มีสิทธิตามมาตรา 86/2 วรรคสอง
(2) ผู้ประกอบการจดทะเบียนใช้เครื่องบันทึกการเก็บเงินโดยไม่ได้รับอนุมัติตามมาตรา 86/6 วรรคหก หรือมาตรา 86/7
(3) ผู้ประกอบการจดทะเบียนไม่จัดทำรายงานตามมาตรา 87 หรือตามที่อธิบดีกำหนดตามมาตรา 87/1
(4) ตัวแทนผู้ประกอบการจดทะเบียนที่อยู่นอกราชอาณาจักรไม่จัดทำรายงานตามมาตรา 87/2
(5) ผู้ขัดขวางหรือไม่อำนวยความสะดวกแก่การปฏิบัติงานของเจ้าพนักงานประเมินหรือขัดคำสั่งของเจ้าพนักงานประเมินตามมาตรา 88/3 วรรคหนึ่ง",criminal,,,,,criminal,"rule-based classify_category(law_title, context); provisional",1,requires human verification
ป0043-1A-0001-92,ป0043-1A-0001,พระราชบัญญัติประกอบรัฐธรรมนูญว่าด้วยการป้องกันและปราบปรามการทุจริต พ.ศ. 2561,92,"พระราชบัญญัติประกอบรัฐธรรมนูญว่าด้วยการป้องกันและปราบปรามการทุจริต พ.ศ. 2561 มาตรา 92 เมื่อคณะกรรมการ ป.ป.ช. ส่งสำนวนการไต่สวนให้อัยการสูงสุดเพื่อดำเนินคดีอาญา ให้คณะกรรมการ ป.ป.ช. แจ้งผู้ถูกกล่าวหาให้ไปรายงานตัวต่ออัยการสูงสุดตามวันเวลาที่กำหนด
หากผู้ถูกกล่าวหาไม่ไปรายงานตัวตามกำหนด ให้คณะกรรมการ ป.ป.ช. ดำเนินการตามมาตรา 39 ต่อไป",criminal,,,,,criminal,"rule-based classify_category(law_title, context); provisional",1,requires human verification
ท0010-1B-0001-66,ท0010-1B-0001,พระราชบัญญัติทรัสต์เพื่อธุรกรรมในตลาดทุน พ.ศ. 2550,66,พระราชบัญญัติทรัสต์เพื่อธุรกรรมในตลาดทุน พ.ศ. 2550 มาตรา 66 ในการปฏิบัติหน้าที่ตามพระราชบัญญัตินี้ ให้พนักงานเจ้าหน้าที่เป็นเจ้าพนักงานตามประมวลกฎหมายอาญา,criminal,,,,,criminal,"rule-based classify_category(law_title, context); provisional",1,requires human verification
ป0043-1A-0001-175,ป0043-1A-0001,พระราชบัญญัติประกอบรัฐธรรมนูญว่าด้วยการป้องกันและปราบปรามการทุจริต พ.ศ. 2561,175,พระราชบัญญัติประกอบรัฐธรรมนูญว่าด้วยการป้องกันและปราบปรามการทุจริต พ.ศ. 2561 มาตรา 175 ผู้ใดเรียก รับ หรือยอมจะรับทรัพย์สินหรือประโยชน์อื่นใดสำหรับตนเองหรือผู้อื่นเป็นการตอบแทนในการที่จะจูงใจหรือได้จูงใจ เจ้าพนักงานของรัฐ เจ้าหน้าที่ของรัฐต่างประเทศ หรือเจ้าหน้าที่ขององค์การระหว่างประเทศ โดยวิธีอันทุจริตหรือผิดกฎหมายหรือโดยอิทธิพลของตน ให้กระทำการหรือไม่กระทำการในหน้าที่อันเป็นคุณหรือเป็นโทษแก่บุคคลใด ต้องระวางโทษจำคุกไม่เกินห้าปี หรือปรับไม่เกินหนึ่งแสนบาท หรือทั้งจำทั้งปรับ,criminal,,,,,criminal,"rule-based classify_category(law_title, context); provisional",1,requires human verification
ก0028-1B-0001-61,ก0028-1B-0001,พระราชบัญญัติการส่งเสริมการอนุรักษ์พลังงาน พ.ศ. 2535,61,"พระราชบัญญัติการส่งเสริมการอนุรักษ์พลังงาน พ.ศ. 2535 มาตรา 61 บรรดาความผิดตามพระราชบัญญัตินี้ ให้คณะกรรมการเปรียบเทียบคดีที่รัฐมนตรีแต่งตั้งจากเจ้าหน้าที่ของรัฐซึ่งเป็นผู้ทรงคุณวุฒิในทางกฎหมายสามคนมีอำนาจเปรียบเทียบได้ และเมื่อผู้กระทำความผิดได้ชำระค่าปรับตามจำนวนที่ได้เปรียบเทียบภายในระยะเวลาที่คณะกรรมการเปรียบเทียบคดีกำหนดแล้ว ให้ถือว่าคดีเลิกกันตามประมวลกฎหมายวิธีพิจารณาความอาญา
ในการสอบสวนถ้าพนักงานสอบสวนพบว่าบุคคลใดกระทำความผิดตามพระราชบัญญัตินี้และบุคคลนั้นยินยอมให้เปรียบเทียบ ให้พนักงานสอบสวนส่งเรื่องให้คณะกรรมการเปรียบเทียบคดีตามวรรคหนึ่งภายในเจ็ดวันนับแต่วันที่ผู้นั้นแสดงความยินยอมให้เปรียบเทียบ",criminal,,,,,criminal,"rule-based classify_category(law_title, context); provisional",1,requires human verification
ก0164-1B-0001-21,ก0164-1B-0001,พระราชบัญญัติการจัดซื้อจัดจ้างและการบริหารพัสดุภาครัฐ พ.ศ. 2560,21,"พระราชบัญญัติการจัดซื้อจัดจ้างและการบริหารพัสดุภาครัฐ พ.ศ. 2560 มาตรา 21 กรรมการผู้ทรงคุณวุฒิต้องมีคุณสมบัติและไม่มีลักษณะต้องห้าม ดังต่อไปนี้
(1) มีสัญชาติไทย
(2) มีอายุไม่ต่ำกว่าสามสิบห้าปี
(3) ไม่เป็นบุคคลล้มละลาย หรือไม่เคยเป็นบุคคลล้มละลายทุจริต
(4) ไม่เป็นคนไร้ความสามารถหรือคนเสมือนไร้ความสามารถ
(5) ไม่เคยได้รับโทษจำคุกโดยคำพิพากษาถึงที่สุดให้จำคุก เว้นแต่เป็นโทษสำหรับความผิดที่ได้กระทำโดยประมาทหรือความผิดลหุโทษ
(6) ไม่เป็นข้าราชการการเมือง ผู้ดำรงตำแหน่งทางการเมือง สมาชิกสภาท้องถิ่นหรือผู้บริหารท้องถิ่น กรรมการหรือผู้ดำรงตำแหน่งอื่นในพรรคการเมือง หรือเจ้าหน้าที่ของพรรคการเมือง
(7) ไม่มีส่วนได้เสียหรือมีผลประโยชน์ขัดแย้งโดยตรงกับการปฏิบัติหน้าที่ในตำแหน่งกรรมการ",criminal,,,,,criminal,"rule-based classify_category(law_title, context); provisional",1,requires human verification
ป0008-1D-0001-129,ป0008-1D-0001,ประมวลรัษฎากร,129,ประมวลรัษฎากร มาตรา 129 ผู้ใดโดยเจตนาทุจริตมีแสตมป์ซึ่งรู้อยู่ว่า เป็นแสตมป์ปลอมก็ดี หรือค้าแสตมป์ที่ใช้แล้วหรือที่มีกฎกระทรวงประกาศให้เลิกใช้เสียแล้วก็ดี ผู้นั้นมีความผิดต้องระวางโทษปรับไม่เกินห้าพันบาท หรือจำคุกไม่เกินสามปี หรือทั้งปรับทั้งจำ,criminal,,,,,criminal,"rule-based classify_category(law_title, context); provisional",1,requires human verification
ป0043-1A-0001-60,ป0043-1A-0001,พระราชบัญญัติประกอบรัฐธรรมนูญว่าด้วยการป้องกันและปราบปรามการทุจริต พ.ศ. 2561,60,"พระราชบัญญัติประกอบรัฐธรรมนูญว่าด้วยการป้องกันและปราบปรามการทุจริต พ.ศ. 2561 มาตรา 60 คำกล่าวหาว่ามีการกระทำความผิดที่อยู่ในหน้าที่และอำนาจของคณะกรรมการ ป.ป.ช. ตามพระราชบัญญัติประกอบรัฐธรรมนูญนี้ อย่างน้อยต้องมีรายละเอียด ดังต่อไปนี้
(1) ชื่อและที่อยู่ของผู้กล่าวหา
(2) ชื่อหรือตำแหน่งของผู้ถูกร้อง
(3) ข้อกล่าวหาและพฤติการณ์แห่งการกระทำผิดตามข้อกล่าวหา พร้อมพยานหลักฐานหรืออ้างพยานหลักฐาน
ผู้กล่าวหาจะเป็นผู้เสียหายหรือมิใช่ผู้เสียหายก็ได้
การกล่าวหาตามวรรคหนึ่ง จะทำด้วยวาจาหรือทำเป็นหนังสือก็ได้ และจะส่งด้วยวิธีใด ๆ ที่จะให้คำกล่าวหานั้นถึงสำนักงานก็ได้ ในกรณีที่ทำด้วยวาจา ให้เป็นหน้าที่ของพนักงานเจ้าหน้าที่หรือพนักงานไต่สวนที่จะบันทึกรายละเอียดไว้ให้ครบถ้วนตามวรรคหนึ่ง
ให้สำนักงานจัดให้มีระบบในการจดแจ้งชื่อและที่อยู่ของผู้กล่าวหาไว้ในทะเบียนที่รักษาไว้เป็นความลับ และไม่ว่ากรณีใดจะเปิดเผยทะเบียนดังกล่าวมิได้ และให้ลบชื่อและที่อยู่ของผู้กล่าวหาออกจากหนังสือกล่าวหานั้น
หนังสือกล่าวหาที่ไม่ปรากฏชื่อและที่อยู่ของผู้กล่าวหา ถ้ามีรายละเอียดตาม (3) แล้ว คณะกรรมการ ป.ป.ช. จะปฏิเสธไม่รับไว้พิจารณาไม่ได้
การกล่าวหาบุคคลตามมาตรานี้ ให้ใช้บังคับแก่เจ้าหน้าที่ของรัฐต่างประเทศ เจ้าหน้าที่ขององค์การระหว่างประเทศ หรือบุคคลใดที่ถูกกล่าวหาว่ากระทำความผิดตามที่พระราชบัญญัติประกอบรัฐธรรมนูญนี้บัญญัติไว้เป็นความผิดด้วย",criminal,,,,,criminal,"rule-based classify_category(law_title, context); provisional",1,requires human verification
ว0067-1B-0001-13,ว0067-1B-0001,พระราชบัญญัติวิชาชีพบัญชี พ.ศ. 2547,13,"พระราชบัญญัติวิชาชีพบัญชี พ.ศ. 2547 มาตรา 13 สมาชิกสามัญต้องเป็นผู้มีคุณสมบัติและไม่มีลักษณะต้องห้าม ดังต่อไปนี้
(1) มีอายุไม่ต่ำกว่ายี่สิบปีบริบูรณ์
(2) มีสัญชาติไทย
(3) สำเร็จการศึกษาวิชาการบัญชีไม่ต่ำกว่าระดับปริญญาตรี หรือได้รับประกาศนียบัตร หรือวุฒิอื่นเทียบเท่าปริญญาตรีสาขาวิชาชีพการบัญชีที่สภาวิชาชีพบัญชีรับรอง หรือสำเร็จการศึกษาสาขาอื่นตามที่สภาวิชาชีพบัญชีกำหนด
(4) ไม่เป็นผู้ประพฤติผิดจรรยาบรรณอันนำมาซึ่งความเสื่อมเสียเกียรติศักดิ์แห่งวิชาชีพบัญชีตามที่กำหนดในข้อบังคับสภาวิชาชีพบัญชี
(5) ไม่เคยต้องโทษจำคุกโดยคำพิพากษาถึงที่สุดให้จำคุกในคดีที่เป็นการประพฤติผิดจรรยาบรรณอันจะนำมาซึ่งความเสื่อมเสียเกียรติศักดิ์แห่งวิชาชีพตามที่กำหนดในข้อบังคับสภาวิชาชีพบัญชี
(6) ไม่เป็นคนไร้ความสามารถหรือคนเสมือนไร้ความสามารถ หรือเป็นโรคตามที่กำหนดในข้อบังคับสภาวิชาชีพบัญชี",criminal,,,,,criminal,"rule-based classify_category(law_title, context); provisional",1,requires human verification
ก0104-1B-0001-32,ก0104-1B-0001,พระราชบัญญัติการบัญชี พ.ศ. 2543,32,พระราชบัญญัติการบัญชี พ.ศ. 2543 มาตรา 32 ผู้มีหน้าที่จัดทำบัญชีผู้ใดไม่ปฏิบัติตามมาตรา 11 วรรคสี่ มีความผิดทางพินัยต้องชำระค่าปรับเป็นพินัยไม่เกินสองหมื่นบาท*,criminal,,,,,criminal,"rule-based classify_category(law_title, context); provisional",1,requires human verification
ป0003-1D-0002-1525,ป0003-1D-0002,ประมวลกฎหมายแพ่งและพาณิชย์,1525,"ประมวลกฎหมายแพ่งและพาณิชย์ มาตรา 1525
ค่าทดแทนตามมาตรา 1523 และมาตรา 1524 นั้น ให้ศาลวินิจฉัยตามควรแก่พฤติการณ์ โดยศาลจะสั่งให้ชำระครั้งเดียวหรือแบ่งชำระเป็นงวด ๆ มีกำหนดเวลาตามที่ศาลจะเห็นสมควรก็ได้
ในกรณีที่ผู้จะต้องชำระค่าทดแทนเป็นคู่สมรสของอีกฝ่ายหนึ่ง ให้ศาลคำนึงถึงจำนวนทรัพย์สินที่คู่สมรสนั้นได้รับไปจากการแบ่งสินสมรสเพราะการหย่านั้นด้วย",family,,,,,family,"rule-based classify_category(law_title, context); provisional",1,requires human verification
ป0003-1D-0002-1731,ป0003-1D-0002,ประมวลกฎหมายแพ่งและพาณิชย์,1731,"ประมวลกฎหมายแพ่งและพาณิชย์ มาตรา 1731
ถ้าผู้จัดการมรดกมิได้จัดทำบัญชีภายในเวลาและตามแบบที่กำหนดไว้ หรือถ้าบัญชีนั้นไม่เป็นที่พอใจแก่ศาล เพราะความประมาทเลินเล่ออย่างร้ายแรง หรือการทุจริต หรือความไม่สามารถอันเห็นประจักษ์ของผู้จัดการมรดก ศาลจะถอนผู้จัดการมรดกเสียก็ได้",family,,,,,family,"rule-based classify_category(law_title, context); provisional",1,requires human verification
ป0003-1D-0002-1489,ป0003-1D-0002,ประมวลกฎหมายแพ่งและพาณิชย์,1489,"ประมวลกฎหมายแพ่งและพาณิชย์ มาตรา 1489
ถ้าสามีภริยาเป็นลูกหนี้ร่วมกัน ให้ชำระหนี้นั้นจากสินสมรสและสินส่วนตัวของทั้งสองฝ่าย",family,,,,,family,"rule-based classify_category(law_title, context); provisional",1,requires human verification
ป0003-1D-0002-1598/18,ป0003-1D-0002,ประมวลกฎหมายแพ่งและพาณิชย์,1598/18,"ประมวลกฎหมายแพ่งและพาณิชย์ มาตรา 1598/18
ในกรณีที่บิดามารดาเป็นผู้อนุบาลบุตร ถ้าบุตรนั้นยังไม่บรรลุนิติภาวะ ให้นำบทบัญญัติว่าด้วยสิทธิและหน้าที่ของผู้ใช้อำนาจปกครองมาใช้บังคับโดยอนุโลม แต่ถ้าบุตรนั้นบรรลุนิติภาวะแล้ว ให้นำบทบัญญัติว่าด้วยสิทธิและหน้าที่ของผู้ปกครองมาใช้บังคับโดยอนุโลม เว้นแต่สิทธิตามมาตรา 1567 (2) และ (3)
ในกรณีที่บุคคลอื่นซึ่งมิใช่บิดามารดาหรือมิใช่คู่สมรสเป็นผู้อนุบาล ให้นำบทบัญญัติว่าด้วยสิทธิและหน้าที่ของผู้ปกครองมาใช้บังคับโดยอนุโลม แต่ถ้าผู้อยู่ในความอนุบาลบรรลุนิติภาวะแล้วจะใช้สิทธิตามมาตรา 1567 (2) และ (3) ไม่ได้",family,,,,,family,"rule-based classify_category(law_title, context); provisional",1,requires human verification
ป0003-1D-0002-1569,ป0003-1D-0002,ประมวลกฎหมายแพ่งและพาณิชย์,1569,"ประมวลกฎหมายแพ่งและพาณิชย์ มาตรา 1569
ผู้ใช้อำนาจปกครองเป็นผู้แทนโดยชอบธรรมของบุตร ในกรณีที่บุตรถูกศาลสั่งให้เป็นคนไร้ความสามารถหรือเสมือนไร้ความสามารถ ผู้ใช้อำนาจปกครองย่อมเป็นผู้อนุบาลหรือผู้พิทักษ์ แล้วแต่กรณี",family,,,,,family,"rule-based classify_category(law_title, context); provisional",1,requires human verification
ป0003-1D-0002-1496,ป0003-1D-0002,ประมวลกฎหมายแพ่งและพาณิชย์,1496,"ประมวลกฎหมายแพ่งและพาณิชย์ มาตรา 1496
คำพิพากษาของศาลเท่านั้นที่จะแสดงว่า การสมรสที่ฝ่าฝืนมาตรา 1449 มาตรา 1450 และมาตรา 1458 เป็นโมฆะ
คู่สมรส บิดามารดา หรือผู้สืบสันดานของคู่สมรสอาจร้องขอให้ศาลพิพากษาว่าการสมรสเป็นโมฆะได้ ถ้าไม่มีบุคคลดังกล่าว ผู้มีส่วนได้เสียจะร้องขอให้อัยการเป็นผู้ร้องขอต่อศาลก็ได้",family,,,,,family,"rule-based classify_category(law_title, context); provisional",1,requires human verification
ป0003-1D-0002-1535,ป0003-1D-0002,ประมวลกฎหมายแพ่งและพาณิชย์,1535,"ประมวลกฎหมายแพ่งและพาณิชย์ มาตรา 1535
เมื่อการสมรสสิ้นสุดลง ให้แบ่งความรับผิดในหนี้ที่จะต้องรับผิดด้วยกันตามส่วนเท่ากัน",family,,,,,family,"rule-based classify_category(law_title, context); provisional",1,requires human verification
ป0003-1D-0002-1739,ป0003-1D-0002,ประมวลกฎหมายแพ่งและพาณิชย์,1739,"ประมวลกฎหมายแพ่งและพาณิชย์ มาตรา 1739
ให้ชำระหนี้ที่กองมรดกค้างชำระตามลำดับต่อไปนี้ และตามบทบัญญัติแห่งประมวลกฎหมายนี้ว่าด้วยบุริมสิทธิ โดยต้องไม่เป็นที่เสื่อมเสียแก่บรรดาเจ้าหนี้ผู้มีบุริมสิทธิพิเศษตามประมวลกฎหมายนี้หรือกฎหมายอื่น และบรรดาเจ้าหนี้ที่มีประกันโดยการจำนำหรือการจำนอง
(1) ค่าใช้จ่ายเพื่อประโยชน์อันร่วมกันของกองมรดก
(2) ค่าใช้จ่ายในการทำศพเจ้ามรดก
(3) ค่าภาษีอากรซึ่งกองมรดกค้างชำระอยู่
(4) ค่าจ้างซึ่งเจ้ามรดกค้างชำระแก่เสมียน คนใช้และคนงาน
(5) ค่าเครื่องอุปโภคบริโภคอันจำเป็นประจำวันซึ่งส่งให้แก่เจ้ามรดก
(6) หนี้สินสามัญของเจ้ามรดก
(7) บำเหน็จของผู้จัดการมรดก",family,,,,,family,"rule-based classify_category(law_title, context); provisional",1,requires human verification
ป0003-1D-0002-536,ป0003-1D-0002,ประมวลกฎหมายแพ่งและพาณิชย์,536,"ประมวลกฎหมายแพ่งและพาณิชย์ มาตรา 536
การให้อันจะให้เป็นผลต่อเมื่อผู้ให้ตายนั้น ท่านให้บังคับด้วยบทกฎหมายว่าด้วยมรดกและพินัยกรรม",family,,,,,family,"rule-based classify_category(law_title, context); provisional",1,requires human verification
ป0003-1D-0002-1598/21,ป0003-1D-0002,ประมวลกฎหมายแพ่งและพาณิชย์,1598/21,"ประมวลกฎหมายแพ่งและพาณิชย์ มาตรา 1598/21
การรับผู้เยาว์เป็นบุตรบุญธรรมจะกระทำได้ต่อเมื่อได้รับความยินยอมของบิดาและมารดาของผู้จะเป็นบุตรบุญธรรม ในกรณีที่บิดาหรือมารดาคนใดคนหนึ่งตายหรือถูกถอนอำนาจปกครองต้องได้รับความยินยอมของมารดาหรือบิดาซึ่งยังมีอำนาจปกครอง
ถ้าไม่มีผู้มีอำนาจให้ความยินยอมดังกล่าวในวรรคหนึ่ง หรือมีแต่บิดาหรือมารดาคนใดคนหนึ่งหรือทั้งสองคนไม่สามารถแสดงเจตนาให้ความยินยอมได้ หรือไม่ให้ความยินยอมและการไม่ให้ความยินยอมนั้นปราศจากเหตุผลอันสมควรและเป็นปฏิปักษ์ต่อสุขภาพ ความเจริญหรือสวัสดิภาพของผู้เยาว์ มารดาหรือบิดาหรือผู้ประสงค์จะขอรับบุตรบุญธรรมหรืออัยการจะร้องขอต่อศาลให้มีคำสั่งอนุญาตแทนการให้ความยินยอมตามวรรคหนึ่งก็ได้",family,,,,,family,"rule-based classify_category(law_title, context); provisional",1,requires human verification
ป0003-1D-0002-1737,ป0003-1D-0002,ประมวลกฎหมายแพ่งและพาณิชย์,1737,"ประมวลกฎหมายแพ่งและพาณิชย์ มาตรา 1737
เจ้าหนี้กองมรดกจะบังคับสิทธิเรียกร้องต่อทายาทคนใดก็ได้ แต่ถ้ามีผู้จัดการมรดก ให้เจ้าหนี้เรียกเข้ามาในคดีด้วย",family,,,,,family,"rule-based classify_category(law_title, context); provisional",1,requires human verification
ป0003-1D-0002-1441,ป0003-1D-0002,ประมวลกฎหมายแพ่งและพาณิชย์,1441,"ประมวลกฎหมายแพ่งและพาณิชย์ มาตรา 1441
ถ้าคู่หมั้นฝ่ายหนึ่งตายก่อนสมรส อีกฝ่ายหนึ่งจะเรียกร้องค่าทดแทนมิได้ ส่วนของหมั้นหรือสินสอดนั้นไม่ว่าชายหรือหญิงตาย หญิงหรือฝ่ายหญิงไม่ต้องคืนให้แก่ฝ่ายชาย",family,,,,,family,"rule-based classify_category(law_title, context); provisional",1,requires human verification
ป0003-1D-0002-1505,ป0003-1D-0002,ประมวลกฎหมายแพ่งและพาณิชย์,1505,"ประมวลกฎหมายแพ่งและพาณิชย์ มาตรา 1505
การสมรสที่ได้กระทำไปโดยคู่สมรสฝ่ายหนึ่งสำคัญผิดตัวคู่สมรส การสมรสนั้นเป็นโมฆียะ
สิทธิขอเพิกถอนการสมรสเพราะสำคัญผิดตัวคู่สมรสเป็นอันระงับเมื่อเวลาได้ผ่านพ้นไปแล้วเก้าสิบวันนับแต่วันสมรส",family,,,,,family,"rule-based classify_category(law_title, context); provisional",1,requires human verification
ป0003-1D-0002-1598/25,ป0003-1D-0002,ประมวลกฎหมายแพ่งและพาณิชย์,1598/25,"ประมวลกฎหมายแพ่งและพาณิชย์ มาตรา 1598/25
ผู้จะรับบุตรบุญธรรมหรือผู้จะเป็นบุตรบุญธรรม ถ้ามีคู่สมรสอยู่ต้องได้รับความยินยอมจากคู่สมรสก่อน ในกรณีที่คู่สมรสไม่อาจให้ความยินยอมได้หรือไปเสียจากภูมิลำเนาหรือถิ่นที่อยู่และหาตัวไม่พบเป็นเวลาไม่น้อยกว่าหนึ่งปี ต้องร้องขอต่อศาลให้มีคำสั่งอนุญาตแทนการให้ความยินยอมของคู่สมรสนั้น",family,,,,,family,"rule-based classify_category(law_title, context); provisional",1,requires human verification
ป0003-1D-0002-1514,ป0003-1D-0002,ประมวลกฎหมายแพ่งและพาณิชย์,1514,"ประมวลกฎหมายแพ่งและพาณิชย์ มาตรา 1514
การหย่านั้นจะทำได้แต่โดยความยินยอมของทั้งสองฝ่ายหรือโดยคำพิพากษาของศาล
การหย่าโดยความยินยอมต้องทำเป็นหนังสือและมีพยานลงลายมือชื่ออย่างน้อยสองคน",family,,,,,family,"rule-based classify_category(law_title, context); provisional",1,requires human verification
ป0003-1D-0002-193/22,ป0003-1D-0002,ประมวลกฎหมายแพ่งและพาณิชย์,193/22,"ประมวลกฎหมายแพ่งและพาณิชย์ มาตรา 193/22
อายุความสิทธิเรียกร้องระหว่างสามีภริยา ถ้าจะครบกำหนดก่อนหรือภายในหนึ่งปีนับแต่วันที่การสมรสสิ้นสุดลง อายุความนั้นยังไม่ครบกำหนดจนกว่าจะครบหนึ่งปีนับแต่วันที่การสมรสสิ้นสุดลง",family,,,,,family,"rule-based classify_category(law_title, context); provisional",1,requires human verification
ป0003-1D-0002-1603,ป0003-1D-0002,ประมวลกฎหมายแพ่งและพาณิชย์,1603,"ประมวลกฎหมายแพ่งและพาณิชย์ มาตรา 1603
กองมรดกย่อมตกทอดแก่ทายาทโดยสิทธิตามกฎหมายหรือโดยพินัยกรรม
ทายาทที่มีสิทธิตามกฎหมาย เรียกว่า “ทายาทโดยธรรม”
ทายาทที่มีสิทธิตามพินัยกรรม เรียกว่า “ผู้รับพินัยกรรม”",family,,,,,family,"rule-based classify_category(law_title, context); provisional",1,requires human verification
ป0003-1D-0002-1437,ป0003-1D-0002,ประมวลกฎหมายแพ่งและพาณิชย์,1437,"ประมวลกฎหมายแพ่งและพาณิชย์ มาตรา 1437
การหมั้นจะสมบูรณ์เมื่อฝ่ายชายได้ส่งมอบหรือโอนทรัพย์สินอันเป็นของหมั้นให้แก่หญิงเพื่อเป็นหลักฐานว่าจะสมรสกับหญิงนั้น
เมื่อหมั้นแล้วให้ของหมั้นตกเป็นสิทธิแก่หญิง
สินสอด เป็นทรัพย์สินซึ่งฝ่ายชายให้แก่บิดามารดา ผู้รับบุตรบุญธรรมหรือผู้ปกครองฝ่ายหญิง แล้วแต่กรณี เพื่อตอบแทนการที่หญิงยอมสมรส ถ้าไม่มีการสมรสโดยมีเหตุสำคัญอันเกิดแก่หญิงหรือโดยมีพฤติการณ์ซึ่งฝ่ายหญิงต้องรับผิดชอบ ทำให้ชายไม่สมควรหรือไม่อาจสมรสกับหญิงนั้น ฝ่ายชายเรียกสินสอดคืนได้
ถ้าจะต้องคืนของหมั้นหรือสินสอดตามหมวดนี้ ให้นำบทบัญญัติมาตรา 412 ถึงมาตรา 418 แห่งประมวลกฎหมายนี้ว่าด้วยลาภมิควรได้มาใช้บังคับโดยอนุโลม",family,,,,,family,"rule-based classify_category(law_title, context); provisional",1,requires human verification
ป0003-1D-0002-1638,ป0003-1D-0002,ประมวลกฎหมายแพ่งและพาณิชย์,1638,"ประมวลกฎหมายแพ่งและพาณิชย์ มาตรา 1638
เมื่อคู่สมรสทั้งสองฝ่ายได้ลงทุนออกเงินในการทำสัญญา และตามสัญญานั้นทั้งสองฝ่ายจะต้องได้รับเงินปีในขณะที่ยังมีชีวิตอยู่ร่วมกัน และเมื่อฝ่ายหนึ่งฝ่ายใดตาย ฝ่ายที่ยังมีชีวิตอยู่ยังจะต้องได้รับเงินปีต่อไปตลอดอายุ ฝ่ายที่ยังมีชีวิตอยู่ จำต้องชดใช้สินเดิมของอีกฝ่ายหนึ่ง หรือสินสมรสแล้วแต่กรณี สุดแต่ว่าได้เอาเงินสินเดิม หรือสินสมรสไปใช้ในการลงทุนนั้น เงินที่จะต้องชดใช้สินเดิมหรือสินสมรสดังว่านี้ ให้ชดใช้เท่าจำนวนเงินซึ่งผู้จ่ายเงินรายปีจะเรียกให้ใช้เพิ่มขึ้นเป็นพิเศษ เพื่อผู้จ่ายจะได้จ่ายเงินรายปีให้แก่คู่สมรสฝ่ายที่ยังมีชีวิตอยู่นั้นต่อไป",family,,,,,family,"rule-based classify_category(law_title, context); provisional",1,requires human verification
ป0003-1D-0002-535,ป0003-1D-0002,ประมวลกฎหมายแพ่งและพาณิชย์,535,"ประมวลกฎหมายแพ่งและพาณิชย์ มาตรา 535
การให้อันจะกล่าวต่อไปนี้ ท่านว่าจะถอนคืนเพราะเหตุเนรคุณไม่ได้ คือ
(1) ให้เป็นบำเหน็จสินจ้างโดยแท้
(2) ให้สิ่งที่มีค่าภาระติดพัน
(3) ให้โดยหน้าที่ธรรมจรรยา
(4) ให้ในการสมรส",family,,,,,family,"rule-based classify_category(law_title, context); provisional",1,requires human verification
ป0003-1D-0002-1561,ป0003-1D-0002,ประมวลกฎหมายแพ่งและพาณิชย์,1561,"ประมวลกฎหมายแพ่งและพาณิชย์ มาตรา 1561
บุตรมีสิทธิใช้ชื่อสกุลของบิดา
ในกรณีที่บิดาไม่ปรากฏ บุตรมีสิทธิใช้ชื่อสกุลของมารดา",family,,,,,family,"rule-based classify_category(law_title, context); provisional",1,requires human verification
ป0003-1D-0002-1404,ป0003-1D-0002,ประมวลกฎหมายแพ่งและพาณิชย์,1404,"ประมวลกฎหมายแพ่งและพาณิชย์ มาตรา 1404
สิทธิอาศัยนั้นจะโอนกันไม่ได้แม้โดยทางมรดก",family,,,,,family,"rule-based classify_category(law_title, context); provisional",1,requires human verification
ป0003-1D-0002-1485,ป0003-1D-0002,ประมวลกฎหมายแพ่งและพาณิชย์,1485,"ประมวลกฎหมายแพ่งและพาณิชย์ มาตรา 1485
สามีหรือภริยาอาจร้องขอต่อศาลให้ตนเป็นผู้จัดการสินสมรสโดยเฉพาะอย่างใดอย่างหนึ่งหรือเข้าร่วมจัดการในการนั้นได้ ถ้าการที่จะทำเช่นนั้นจะเป็นประโยชน์ยิ่งกว่า",family,,,,,family,"rule-based classify_category(law_title, context); provisional",1,requires human verification
ป0003-1D-0002-1584,ป0003-1D-0002,ประมวลกฎหมายแพ่งและพาณิชย์,1584,"ประมวลกฎหมายแพ่งและพาณิชย์ มาตรา 1584
การที่ผู้ใช้อำนาจปกครองถูกถอนอำนาจปกครองบางส่วนหรือทั้งหมด ไม่เป็นเหตุให้ผู้นั้นพ้นจากหน้าที่อุปการะเลี้ยงดูผู้เยาว์ตามกฎหมาย",family,,,,,other,"rule-based classify_category(law_title, context); provisional",0,requires human verification
ป0003-1D-0002-1717,ป0003-1D-0002,ประมวลกฎหมายแพ่งและพาณิชย์,1717,"ประมวลกฎหมายแพ่งและพาณิชย์ มาตรา 1717
ในเวลาใด ๆ ภายในหนึ่งปีนับแต่วันที่เจ้ามรดกตาย แต่ต้องเป็นเวลาภายหลังที่เจ้ามรดกตายแล้วสิบห้าวัน ทายาทหรือผู้มีส่วนได้เสียคนใดคนหนึ่ง จะแจ้งความถามไปยังผู้ที่ถูกตั้งเป็นผู้จัดการมรดกโดยพินัยกรรมว่าจะรับเป็นผู้จัดการมรดกหรือไม่ก็ได้
ถ้าผู้ที่ได้รับแจ้งความมิได้ตอบรับเป็นผู้จัดการมรดกภายในหนึ่งเดือนนับแต่วันรับแจ้งความนั้น ให้ถือว่าผู้นั้นปฏิเสธ แต่การรับเป็นผู้จัดการมรดกนั้น จะทำภายหลังหนึ่งปีนับแต่วันที่เจ้ามรดกตายไม่ได้ เว้นแต่ศาลจะอนุญาต",family,,,,,family,"rule-based classify_category(law_title, context); provisional",1,requires human verification
ป0003-1D-0002-1606,ป0003-1D-0002,ประมวลกฎหมายแพ่งและพาณิชย์,1606,"ประมวลกฎหมายแพ่งและพาณิชย์ มาตรา 1606
บุคคลดังต่อไปนี้ต้องถูกกำจัดมิให้รับมรดกฐานเป็นผู้ไม่สมควร คือ
(1) ผู้ที่ต้องคำพิพากษาถึงที่สุดว่าได้เจตนากระทำ หรือพยายามกระทำให้เจ้ามรดกหรือผู้มีสิทธิได้รับมรดกก่อนตนถึงแก่ความตายโดยมิชอบด้วยกฎหมาย
(2) ผู้ที่ได้ฟ้องเจ้ามรดกหาว่าทำความผิดโทษประหารชีวิตและตนเองกลับต้องคำพิพากษาถึงที่สุดว่า มีความผิดฐานฟ้องเท็จหรือทำพยานเท็จ
(3) ผู้ที่รู้แล้วว่า เจ้ามรดกถูกฆ่าโดยเจตนา แต่มิได้นำข้อความนั้นขึ้นร้องเรียนเพื่อเป็นทางที่จะเอาตัวผู้กระทำผิดมาลงโทษ แต่ข้อนี้มิให้ใช้บังคับถ้าบุคคลนั้นมีอายุยังไม่ครบสิบหกปีบริบูรณ์ หรือเป็นคนวิกลจริตไม่สามารถรู้ผิดชอบ หรือถ้าผู้ที่ฆ่านั้นเป็นสามีภริยาหรือผู้บุพการีหรือผู้สืบสันดานของตนโดยตรง
(4) ผู้ที่ฉ้อฉลหรือข่มขู่ให้เจ้ามรดกทำ หรือเพิกถอน หรือเปลี่ยนแปลงพินัยกรรมแต่บางส่วนหรือทั้งหมดซึ่งเกี่ยวกับทรัพย์มรดก หรือไม่ให้กระทำการดังกล่าวนั้น
(5) ผู้ที่ปลอม ทำลาย หรือปิดบังพินัยกรรมแต่บางส่วนหรือทั้งหมด
เจ้ามรดกอาจถอนข้อกำจัดฐานเป็นผู้ไม่สมควรเสียก็ได้โดยให้อภัยไว้เป็นลายลักษณ์อักษร",family,,,,,family,"rule-based classify_category(law_title, context); provisional",1,requires human verification
ป0003-1D-0002-1607,ป0003-1D-0002,ประมวลกฎหมายแพ่งและพาณิชย์,1607,"ประมวลกฎหมายแพ่งและพาณิชย์ มาตรา 1607
การถูกกำจัดมิให้รับมรดกนั้นเป็นการเฉพาะตัว ผู้สืบสันดานของทายาทที่ถูกกำจัดสืบมรดกต่อไปเหมือนหนึ่งว่าทายาทนั้นตายแล้ว แต่ในส่วนทรัพย์สินซึ่งผู้สืบสันดานได้รับมรดกมาเช่นนี้ ทายาทที่ว่านั้นไม่มีสิทธิที่จะจัดการและใช้ดังที่ระบุไว้ในบรรพ 5 ลักษณะ 2 หมวด 3 แห่งประมวลกฎหมายนี้ ในกรณีเช่นนั้นให้ใช้มาตรา 1548 บังคับโดยอนุโลม",family,,,,,family,"rule-based classify_category(law_title, context); provisional",1,requires human verification
ป0003-1D-0002-1609,ป0003-1D-0002,ประมวลกฎหมายแพ่งและพาณิชย์,1609,"ประมวลกฎหมายแพ่งและพาณิชย์ มาตรา 1609
การแสดงเจตนาตัดมิให้รับมรดกนั้นจะถอนเสียก็ได้
ถ้าการตัดมิให้รับมรดกนั้นได้ทำโดยพินัยกรรม จะถอนเสียได้ก็แต่โดยพินัยกรรมเท่านั้น แต่ถ้าการตัดมิให้รับมรดกได้ทำเป็นหนังสือมอบไว้แก่พนักงานเจ้าหน้าที่ การถอนจะทำตามแบบใดแบบหนึ่งดังบัญญัติไว้ในมาตรา 1608 (1) หรือ (2) ก็ได้",family,,,,,family,"rule-based classify_category(law_title, context); provisional",1,requires human verification
ป0003-1D-0002-1641,ป0003-1D-0002,ประมวลกฎหมายแพ่งและพาณิชย์,1641,"ประมวลกฎหมายแพ่งและพาณิชย์ มาตรา 1641
ถ้าบุคคลใดซึ่งจะเป็นทายาทตามมาตรา 1629 (2) หรือ (5) ถึงแก่ความตาย หรือถูกกำจัดมิให้รับมรดกก่อนเจ้ามรดกตาย ถ้ามีทายาทในลำดับเดียวกันยังมีชีวิตอยู่ ก็ให้ส่วนแบ่งทั้งหมดตกได้แก่ทายาทนั้นเท่านั้น ห้ามมิให้มีการรับมรดกแทนที่กันต่อไป",family,,,,,family,"rule-based classify_category(law_title, context); provisional",1,requires human verification
ป0003-1D-0002-1502,ป0003-1D-0002,ประมวลกฎหมายแพ่งและพาณิชย์,1502,"ประมวลกฎหมายแพ่งและพาณิชย์ มาตรา 1502
การสมรสที่เป็นโมฆียะสิ้นสุดลงเมื่อศาลพิพากษาให้เพิกถอน",family,,,,,family,"rule-based classify_category(law_title, context); provisional",1,requires human verification
ธ0012-1B-0001-96,ธ0012-1B-0001,พระราชบัญญัติธุรกิจสถาบันการเงิน พ.ศ. 2551,96,"พระราชบัญญัติธุรกิจสถาบันการเงิน พ.ศ. 2551 มาตรา 96 ในกรณีที่สถาบันการเงินดำรงเงินกองทุนต่ำกว่าร้อยละหกสิบของอัตราตามที่กำหนดในมาตรา 30 ให้ธนาคารแห่งประเทศไทยมีคำสั่งเข้าควบคุมสถาบันการเงินนั้น เว้นแต่ในกรณีที่ธนาคารแห่งประเทศไทยเห็นว่าการมีคำสั่งควบคุมดังกล่าวจะก่อให้เกิดผลกระทบหรือความเสียหายต่อระบบเศรษฐกิจโดยรวมอย่างรุนแรง หรือสถาบันการเงินนั้นจะดำเนินการเพื่อแก้ไขให้มีเงินกองทุนไม่ต่ำกว่าเกณฑ์ที่กฎหมายกำหนดได้ภายในระยะเวลาอันรวดเร็ว ธนาคารแห่งประเทศไทยอาจยังไม่สั่งควบคุมสถาบันการเงินก็ได้
นอกจากการดำเนินการตามวรรคหนึ่ง ธนาคารแห่งประเทศไทยอาจมีคำสั่งให้สถาบันการเงินนั้นเลิกกิจการบริษัทลูกและชำระบัญชี หากปรากฏว่าสินทรัพย์ของบริษัทลูกไม่พอกับหนี้สิน หรือบริษัทลูกไม่สามารถชำระหนี้ได้เป็นปกติติดต่อกันเป็นเวลาเกินกว่าสามเดือนหรือมีคำสั่งอื่นใดตามที่ธนาคารแห่งประเทศไทยเห็นสมควร",financial,,,,,financial,"rule-based classify_category(law_title, context); provisional",1,requires human verification
ป0003-1D-0002-994,ป0003-1D-0002,ประมวลกฎหมายแพ่งและพาณิชย์,994,"ประมวลกฎหมายแพ่งและพาณิชย์ มาตรา 994
ถ้าในเช็คมีเส้นขนานคู่ขีดขวางไว้ข้างด้านหน้า กับมีหรือไม่มีคำว่า “และบริษัท” หรือคำย่ออย่างใด ๆ แห่งข้อความนี้อยู่ในระหว่างเส้นทั้งสองนั้นไซร้ เช็คนั้นชื่อว่าเป็นเช็คขีดคร่อมทั่วไป และจะใช้เงินตามเช็คนั้นได้แต่เฉพาะให้แก่ธนาคารเท่านั้น
ถ้าในระหว่างเส้นทั้งสองนั้นกรอกชื่อธนาคารอันหนึ่งอันใดลงไว้โดยเฉพาะ เช็คเช่นนั้นชื่อว่าเป็นเช็คขีดคร่อมเฉพาะ และจะใช้เงินตามเช็คนั้นได้เฉพาะให้แก่ธนาคารอันนั้น",financial,,,,,financial,"rule-based classify_category(law_title, context); provisional",1,requires human verification
ธ0012-1B-0001-131,ธ0012-1B-0001,พระราชบัญญัติธุรกิจสถาบันการเงิน พ.ศ. 2551,131,พระราชบัญญัติธุรกิจสถาบันการเงิน พ.ศ. 2551 มาตรา 131 ผู้ใดฝ่าฝืนหรือไม่ปฏิบัติตามมาตรา 104 หรือไม่ปฏิบัติตามคำสั่งคณะกรรมการควบคุมสถาบันการเงินหรือพนักงานควบคุมสถาบันการเงินตามมาตรา 114 ต้องระวางโทษจำคุกไม่เกินสามปี หรือปรับไม่เกินสามแสนบาท หรือทั้งจำทั้งปรับ และปรับอีกไม่เกินวันละสามพันบาทตลอดเวลาที่ยังฝ่าฝืนอยู่,financial,,,,,financial,"rule-based classify_category(law_title, context); provisional",1,requires human verification
ธ0012-1B-0001-92,ธ0012-1B-0001,พระราชบัญญัติธุรกิจสถาบันการเงิน พ.ศ. 2551,92,"พระราชบัญญัติธุรกิจสถาบันการเงิน พ.ศ. 2551 มาตรา 92 กรณีดังต่อไปนี้ให้ถือว่าสถาบันการเงินมีฐานะหรือการดำเนินงานในลักษณะที่อาจเป็นเหตุให้เกิดความเสียหายแก่ประโยชน์ของประชาชน
(1) สถาบันการเงิน กรรมการ ผู้จัดการ หรือผู้มีอำนาจในการจัดการฝ่าฝืนคำสั่งตามมาตรา 89 (2)
(2) สถาบันการเงิน กรรมการ ผู้จัดการ หรือผู้มีอำนาจในการจัดการ กระทำการฝ่าฝืนหรือไม่ปฏิบัติตามมาตรา 30 มาตรา 33 มาตรา 34 มาตรา 48 มาตรา 49 มาตรา 50 มาตรา 51 มาตรา 57 มาตรา 58 มาตรา 59 มาตรา 60 มาตรา 61 มาตรา 63 หรือมาตรา 64
(3) สถาบันการเงิน กรรมการ ผู้จัดการ หรือผู้มีอำนาจในการจัดการ ไม่จัดทำบัญชีเพื่อแสดงผลการดำเนินงานและฐานะการเงินที่เป็นอยู่ตามความเป็นจริงตามมาตรา 66 หรือลงข้อความเท็จหรือปลอมบัญชี เอกสาร ซึ่งทำให้ไม่สามารถประเมินได้ว่าสถาบันการเงินนั้นมีฐานะการเงินและการดำเนินงานที่มั่นคงเป็นไปตามหลักเกณฑ์เกี่ยวกับเงินกองทุน สินทรัพย์ สินทรัพย์สภาพคล่อง การกันเงินสำรอง การจัดชั้นสินทรัพย์ และเรื่องอื่น ๆ ในพระราชบัญญัตินี้
(4) สถาบันการเงินหยุดทำการจ่ายเงินตามที่มีหน้าที่จะต้องชำระคืน
(5) สถาบันการเงินมีผลประกอบการขาดทุน และธนาคารแห่งประเทศไทยมีเหตุอันควรคาดได้ว่าสถาบันการเงินนั้นไม่อาจดำรงเงินกองทุนได้ตามกฎหมาย ทั้งนี้ ไม่ว่าจะเป็นกรณีตามมาตรา 96 หรือไม่",financial,,,,,financial,"rule-based classify_category(law_title, context); provisional",1,requires human verification
ว0083-1B-0001-14,ว0083-1B-0001,พระราชบัญญัติวินัยการเงินการคลังของรัฐ พ.ศ. 2561,14,พระราชบัญญัติวินัยการเงินการคลังของรัฐ พ.ศ. 2561 มาตรา 14 เมื่อคณะกรรมการจัดทำแผนการคลังระยะปานกลางตามมาตรา 13 แล้วให้เสนอคณะรัฐมนตรีพิจารณาให้ความเห็นชอบ,financial,,,,,financial,"rule-based classify_category(law_title, context); provisional",1,requires human verification
ว0083-1B-0001-9,ว0083-1B-0001,พระราชบัญญัติวินัยการเงินการคลังของรัฐ พ.ศ. 2561,9,"พระราชบัญญัติวินัยการเงินการคลังของรัฐ พ.ศ. 2561 มาตรา 9 คณะรัฐมนตรีต้องรักษาวินัยในกิจการที่เกี่ยวกับเงินแผ่นดินตามพระราชบัญญัตินี้อย่างเคร่งครัด
ในการพิจารณาเรื่องที่เกี่ยวกับนโยบายการคลัง การจัดทำงบประมาณ การจัดหารายได้ การใช้จ่าย การบริหารการเงินการคลัง และการก่อหนี้ คณะรัฐมนตรีต้องพิจารณาประโยชน์ที่รัฐหรือประชาชนจะได้รับ ความคุ้มค่า และภาระการเงินการคลังที่เกิดขึ้นแก่รัฐ รวมถึงความเสี่ยงและความเสียหายที่อาจเกิดขึ้นแก่การเงินการคลังของรัฐอย่างรอบคอบ
คณะรัฐมนตรีต้องไม่บริหารราชการแผ่นดินโดยมุ่งสร้างความนิยมทางการเมืองที่อาจก่อให้เกิดความเสียหายต่อระบบเศรษฐกิจของประเทศและประชาชนในระยะยาว",financial,,,,,financial,"rule-based classify_category(law_title, context); provisional",1,requires human verification
ธ0012-1B-0001-143,ธ0012-1B-0001,พระราชบัญญัติธุรกิจสถาบันการเงิน พ.ศ. 2551,143,พระราชบัญญัติธุรกิจสถาบันการเงิน พ.ศ. 2551 มาตรา 143 กรรมการ ผู้จัดการ หรือผู้มีอำนาจในการจัดการของสถาบันการเงินผู้ใดเอาไปเสีย ทำให้เสียหาย ทำลาย ทำให้เสื่อมค่า หรือทำให้ไร้ประโยชน์ซึ่งทรัพย์สินอันสถาบันการเงินมีหน้าที่ดูแลหรือที่อยู่ในความครอบครองของสถาบันการเงิน ถ้าได้กระทำเพื่อให้เกิดความเสียหายแก่ผู้อื่นหรือประชาชน ต้องระวางโทษจำคุกไม่เกินห้าปี และปรับไม่เกินห้าแสนบาท,financial,,,,,financial,"rule-based classify_category(law_title, context); provisional",1,requires human verification
ว0083-1B-0001-5,ว0083-1B-0001,พระราชบัญญัติวินัยการเงินการคลังของรัฐ พ.ศ. 2561,5,"พระราชบัญญัติวินัยการเงินการคลังของรัฐ พ.ศ. 2561 มาตรา 5 ให้นายกรัฐมนตรีและรัฐมนตรีว่าการกระทรวงการคลังรักษาการตามพระราชบัญญัตินี้ และให้มีอำนาจออกระเบียบและประกาศเพื่อปฏิบัติการตามพระราชบัญญัตินี้
ระเบียบและประกาศ เมื่อประกาศในราชกิจจานุเบกษาแล้วให้ใช้บังคับได้",financial,,,,,financial,"rule-based classify_category(law_title, context); provisional",1,requires human verification
ธ0012-1B-0001-120/1,ธ0012-1B-0001,พระราชบัญญัติธุรกิจสถาบันการเงิน พ.ศ. 2551,120/1,"พระราชบัญญัติธุรกิจสถาบันการเงิน พ.ศ. 2551 มาตรา 120/1 นอกจากหลักเกณฑ์ตามที่กำหนดในมาตรา 120 วรรคสอง และในกฎหมายจัดตั้งสถาบันการเงินเฉพาะกิจ ให้ธนาคารแห่งประเทศไทยมีอำนาจตามพระราชบัญญัตินี้ประกาศกำหนดหลักเกณฑ์โดยความเห็นชอบของรัฐมนตรีให้สถาบันการเงินเฉพาะกิจนั้นถือปฏิบัติหรือปฏิบัติเพิ่มเติมจากที่กฎหมายจัดตั้งสถาบันการเงินเฉพาะกิจกำหนดในเรื่องดังต่อไปนี้ด้วย
(1) คุณสมบัติและลักษณะต้องห้ามของกรรมการ ผู้จัดการ และผู้มีอำนาจในการจัดการ อำนาจหน้าที่ของกรรมการ และการขอความเห็นชอบการดำรงตำแหน่งของกรรมการที่มิใช่กรรมการโดยตำแหน่งและผู้มีอำนาจในการจัดการ
(2) การดำรงเงินกองทุนและสินทรัพย์
(3) การลงทุนของสถาบันการเงินเฉพาะกิจ
(4) การกำกับดูแลความเสี่ยงและการคุ้มครองผู้บริโภค
(5) ข้อห้ามในการให้สินเชื่อ
(6) การจัดชั้นสินทรัพย์และการกันเงินสำรอง
(7) การบริหารสินทรัพย์และการดำรงสินทรัพย์สภาพคล่อง
(8) การจัดทำบัญชีและการรายงาน",financial,,,,,financial,"rule-based classify_category(law_title, context); provisional",1,requires human verification
ก0123-1B-0001-45,ก0123-1B-0001,พระราชบัญญัติการประกอบกิจการพลังงาน พ.ศ. 2550,45,"พระราชบัญญัติการประกอบกิจการพลังงาน พ.ศ. 2550 มาตรา 45 ให้สำนักงานจัดทำงบการเงิน และบัญชีทำการของสำนักงานและกองทุนส่งผู้สอบบัญชีภายในหนึ่งร้อยยี่สิบวันนับแต่วันสิ้นปีงบประมาณ
ในทุกรอบปีงบประมาณ ให้สำนักงานการตรวจเงินแผ่นดินหรือบุคคลภายนอก ตามที่คณะกรรมการแต่งตั้งด้วยความเห็นชอบของสำนักงานการตรวจเงินแผ่นดินเป็นผู้สอบบัญชีและประเมินผลการใช้จ่ายเงินและทรัพย์สินของสำนักงานและกองทุน โดยให้แสดงความคิดเห็นเป็นข้อวิเคราะห์ว่าการใช้จ่ายดังกล่าวเป็นไปตามวัตถุประสงค์ ประหยัด คุ้มค่า มีประสิทธิภาพและประสิทธิผลเพียงใด
ให้สำนักงานเป็นหน่วยรับตรวจตามกฎหมายประกอบรัฐธรรมนูญว่าด้วยการตรวจเงินแผ่นดิน",financial,,,,,property,"rule-based classify_category(law_title, context); provisional",0,requires human verification
ธ0012-1B-0001-35,ธ0012-1B-0001,พระราชบัญญัติธุรกิจสถาบันการเงิน พ.ศ. 2551,35,"พระราชบัญญัติธุรกิจสถาบันการเงิน พ.ศ. 2551 มาตรา 35 ห้ามมิให้สถาบันการเงินถือหรือมีไว้ซึ่งหลักทรัพย์ ดังต่อไปนี้
(1) หุ้นหรือหลักทรัพย์ที่เกี่ยวข้องกับหุ้นของสถาบันการเงินอื่นที่ประกอบธุรกิจประเภทเดียวกัน เว้นแต่เป็นการได้มาจากการชำระหนี้หรือการประกันการให้สินเชื่อซึ่งต้องจำหน่ายภายในเวลาหกเดือนนับแต่วันที่ได้มา หรือเป็นการซื้อหรือได้มาโดยได้รับการผ่อนผันจากธนาคารแห่งประเทศไทย ทั้งนี้ ธนาคารแห่งประเทศไทยจะกำหนดหลักเกณฑ์ในการผ่อนผันไว้ด้วยก็ได้
(2) หลักทรัพย์ที่เกี่ยวข้องกับหุ้นของสถาบันการเงินนั้นตามหลักเกณฑ์ที่ธนาคารแห่งประเทศไทยประกาศกำหนด",financial,,,,,financial,"rule-based classify_category(law_title, context); provisional",1,requires human verification
ธ0012-1B-0001-123,ธ0012-1B-0001,พระราชบัญญัติธุรกิจสถาบันการเงิน พ.ศ. 2551,123,พระราชบัญญัติธุรกิจสถาบันการเงิน พ.ศ. 2551 มาตรา 123 ผู้ใดฝ่าฝืนหรือไม่ปฏิบัติตามมาตรา 12 ต้องระวางโทษจำคุกไม่เกินหนึ่งปีหรือปรับไม่เกินหนึ่งแสนบาท หรือทั้งจำทั้งปรับ และปรับอีกไม่เกินวันละหนึ่งพันบาทตลอดเวลาที่ยังฝ่าฝืนอยู่,financial,,,,,financial,"rule-based classify_category(law_title, context); provisional",1,requires human verification
ธ0012-1B-0001-22,ธ0012-1B-0001,พระราชบัญญัติธุรกิจสถาบันการเงิน พ.ศ. 2551,22,"พระราชบัญญัติธุรกิจสถาบันการเงิน พ.ศ. 2551 มาตรา 22 เพื่อประโยชน์ในการปฏิบัติตามมาตรา 16 มาตรา 17 มาตรา 18 และมาตรา 19 ให้สถาบันการเงินตรวจสอบทะเบียนผู้ถือหุ้นทุกครั้งก่อนการประชุมผู้ถือหุ้นหรือก่อนจ่ายเงินปันผลหรือผลตอบแทนอื่นใดแก่ผู้ถือหุ้น แล้วให้แจ้งผลการตรวจสอบต่อธนาคารแห่งประเทศไทยตามหลักเกณฑ์ที่ธนาคารแห่งประเทศไทยประกาศกำหนด
ในกรณีที่ปรากฏว่าผู้ถือหุ้นรายใดฝ่าฝืนมาตรา 18 ให้สถาบันการเงินมีหนังสือแจ้งให้ผู้นั้นดำเนินการจำหน่ายหุ้นในส่วนที่เกินภายในเวลาที่กำหนดตามมาตรา 19 พร้อมกับแจ้งให้ธนาคารแห่งประเทศไทยทราบด้วย",financial,,,,,financial,"rule-based classify_category(law_title, context); provisional",1,requires human verification
ป0008-1D-0001-49,ป0008-1D-0001,ประมวลรัษฎากร,49,ประมวลรัษฎากร มาตรา 49 ในกรณีที่ผู้มีเงินได้มิได้ยื่นรายการเงินได้หรือเจ้าพนักงานประเมินพิจารณาเห็นว่าผู้มีเงินได้ยื่นรายการเงินได้ต่ำกว่าจำนวนที่ควรต้องยื่นให้เจ้าพนักงานประเมินโดยอนุมัติอธิบดี มีอำนาจที่จะกำหนดจำนวนเงินได้สุทธิขึ้น ทั้งนี้ โดยถือเงินหรือทรัพย์สินซึ่งเป็นกรรมสิทธิหรือเข้ามาอยู่ในครอบครองของผู้มีเงินได้ หรือรายจ่ายของผู้มีเงินได้หรือฐานะความเป็นอยู่ หรือพฤติการณ์ของผู้มีเงินได้หรือสถิติเงินได้ของผู้มีเงินได้เอง หรือของผู้อื่นที่กระทำกิจการทำนองเดียวกับของผู้มีเงินได้เป็นหลักในการพิจารณา แล้วทำการประเมินแจ้งจำนวนเงินที่ต้องชำระไปยังผู้ต้องเสียภาษีทั้งนี้ ให้นำบทบัญญัติมาตรา 19 ถึงมาตรา 26 มาใช้บังคับโดยอนุโลม,financial,,,,,financial,"rule-based classify_category(law_title, context); provisional",1,requires human verification
ว0083-1B-0001-72,ว0083-1B-0001,พระราชบัญญัติวินัยการเงินการคลังของรัฐ พ.ศ. 2561,72,พระราชบัญญัติวินัยการเงินการคลังของรัฐ พ.ศ. 2561 มาตรา 72 ให้หน่วยงานของรัฐนำส่งรายงานการเงินประจำปีพร้อมกับรายงานผลการตรวจสอบของสำนักงานการตรวจเงินแผ่นดินให้กระทรวงการคลัง สำนักงบประมาณ และกระทรวงเจ้าสังกัด เว้นแต่กรณีหน่วยงานของรัฐที่เป็นหน่วยงานของรัฐสภา ศาลยุติธรรม ศาลปกครอง ศาลรัฐธรรมนูญ องค์กรอิสระตามรัฐธรรมนูญ และองค์กรอัยการ ให้นำส่งให้คณะรัฐมนตรี กระทรวงการคลัง และสำนักงบประมาณ และเปิดเผยให้สาธารณชนทราบ รวมทั้งเผยแพร่ผ่านทางสื่ออิเล็กทรอนิกส์ด้วย ทั้งนี้ ภายในสามสิบวันนับแต่วันที่ได้รับรายงานผลการตรวจสอบจากสำนักงานการตรวจเงินแผ่นดิน,financial,,,,,financial,"rule-based classify_category(law_title, context); provisional",1,requires human verification
ธ0012-1B-0001-142,ธ0012-1B-0001,พระราชบัญญัติธุรกิจสถาบันการเงิน พ.ศ. 2551,142,พระราชบัญญัติธุรกิจสถาบันการเงิน พ.ศ. 2551 มาตรา 142 กรรมการ ผู้จัดการ หรือผู้มีอำนาจในการจัดการของสถาบันการเงินผู้ใดครอบครองทรัพย์ซึ่งเป็นของสถาบันการเงินหรือซึ่งสถาบันการเงินเป็นเจ้าของรวมอยู่ด้วย เบียดบังเอาทรัพย์นั้นเป็นของตนหรือบุคคลที่สามโดยทุจริต ต้องระวางโทษจำคุกตั้งแต่ห้าปีถึงสิบปี และปรับตั้งแต่ห้าแสนบาทถึงหนึ่งล้านบาท,financial,,,,,financial,"rule-based classify_category(law_title, context); provisional",1,requires human verification
ธ0012-1B-0001-40,ธ0012-1B-0001,พระราชบัญญัติธุรกิจสถาบันการเงิน พ.ศ. 2551,40,"พระราชบัญญัติธุรกิจสถาบันการเงิน พ.ศ. 2551 มาตรา 40 ให้สถาบันการเงินแจ้งและแสดงวิธีการและรายละเอียดในการคำนวณอัตราค่าบริการรายปีให้ประชาชนและลูกค้าผู้มาขอสินเชื่อทราบ
อัตราค่าบริการรายปีตามวรรคหนึ่ง ได้แก่ ค่าใช้จ่ายทั้งสิ้นที่สถาบันการเงินเรียกเก็บจากประชาชนและลูกค้าต่อปีในการให้สินเชื่อ ซึ่งรวมถึงดอกเบี้ย ส่วนลด และค่าบริการ
ธนาคารแห่งประเทศไทยมีอำนาจประกาศกำหนดวิธีการคำนวณอัตราค่าบริการรายปีให้สถาบันการเงินถือปฏิบัติได้",financial,,,,,financial,"rule-based classify_category(law_title, context); provisional",1,requires human verification
ธ0012-1B-0001-117,ธ0012-1B-0001,พระราชบัญญัติธุรกิจสถาบันการเงิน พ.ศ. 2551,117,พระราชบัญญัติธุรกิจสถาบันการเงิน พ.ศ. 2551 มาตรา 117 มิให้นำบทบัญญัติในหมวด 3 การกำกับสถาบันการเงิน เว้นแต่ส่วนที่ 8 การจัดทำบัญชี การรายงาน และผู้สอบบัญชี มาใช้กับสถาบันการเงินในระหว่างที่ถูกควบคุมตามหมวดนี้,financial,,,,,financial,"rule-based classify_category(law_title, context); provisional",1,requires human verification
ห0060-1B-0001-43,ห0060-1B-0001,พระราชบัญญัติหลักประกันทางธุรกิจ พ.ศ. 2558,43,"พระราชบัญญัติหลักประกันทางธุรกิจ พ.ศ. 2558 มาตรา 43 ในกรณีที่ทรัพย์สินที่เป็นหลักประกันเป็นสิทธิในเงินฝากในสถาบันการเงินและผู้รับหลักประกันเป็นสถาบันการเงินที่รับฝากเงินนั้นไว้เองหรือเป็นผู้รับฝากเงินเพื่อประโยชน์ของผู้รับหลักประกันทั้งหมด ผู้รับหลักประกันอาจนำเงินฝากดังกล่าวหักชำระหนี้ได้ทันทีเมื่อมีเหตุบังคับหลักประกันตามสัญญา แต่ต้องมีหนังสือแจ้งให้ผู้ให้หลักประกันทราบภายในเจ็ดวันนับแต่วันที่ดำเนินการดังกล่าวโดยทางไปรษณีย์ลงทะเบียนตอบรับหรือวิธีการอื่นที่แสดงว่าผู้รับได้รับหนังสือแล้ว
หากผู้ให้หลักประกันและผู้รับหลักประกันตกลงกันให้สถาบันการเงินผู้รับฝากเงินนำเงินฝากดังกล่าวหักชำระหนี้ตามสัญญาหลักประกันทางธุรกิจแทนผู้รับหลักประกัน สถาบันการเงินผู้รับฝากเงินอาจนำเงินฝากดังกล่าวหักชำระหนี้ได้ทันทีเมื่อได้รับหนังสือแจ้งจากผู้รับหลักประกันว่ามีเหตุบังคับหลักประกันตามสัญญา
ให้นำบทบัญญัติมาตรา 52 มาใช้บังคับแก่การนำเงินฝากมาหักชำระหนี้ตามมาตรานี้โดยอนุโลม",financial,,,,,financial,"rule-based classify_category(law_title, context); provisional",1,requires human verification
ว0083-1B-0001-11,ว0083-1B-0001,พระราชบัญญัติวินัยการเงินการคลังของรัฐ พ.ศ. 2561,11,"พระราชบัญญัติวินัยการเงินการคลังของรัฐ พ.ศ. 2561 มาตรา 11 ให้คณะกรรมการมีหน้าที่และอำนาจ ดังต่อไปนี้
(1) กำหนดวินัยการเงินการคลังเพิ่มเติมจากที่บัญญัติไว้แล้วในพระราชบัญญัตินี้หรือในกฎหมายอื่นเพื่อให้หน่วยงานของรัฐถือปฏิบัติ โดยไม่กระทบต่อความเป็นอิสระในการปฏิบัติหน้าที่ของหน่วยงานของรัฐ
(2) จัดทำและทบทวนแผนการคลังระยะปานกลาง
(3) เสนอแนะแนวทางการแก้ไขปัญหาที่เกี่ยวข้องกับการงบประมาณ การจัดเก็บรายได้ การบริหารหนี้สาธารณะ การบริหารทรัพย์สิน และปัญหาอื่นที่เกี่ยวข้องกับการเงินการคลังของรัฐ
(4) กำหนดสัดส่วนงบประมาณรายจ่ายงบกลาง รายการเงินสำรองจ่ายเพื่อกรณีฉุกเฉินหรือจำเป็น สัดส่วนงบประมาณเพื่อการชำระหนี้ภาครัฐ สัดส่วนการก่อหนี้ผูกพันงบประมาณรายจ่ายข้ามปีงบประมาณ สัดส่วนการก่อหนี้ผูกพันเกินกว่าหรือนอกเหนือไปจากที่กำหนดไว้ในกฎหมายว่าด้วยงบประมาณรายจ่าย และสัดส่วนตามที่กำหนดไว้ในมาตรา 50
(5) กำหนดนโยบายและกำกับดูแลการบริหารจัดการความเสี่ยงทางการคลัง
(6) กำหนดอัตราการชดเชยค่าใช้จ่ายหรือการสูญเสียรายได้ของหน่วยงานของรัฐในการดำเนินกิจกรรม มาตรการ หรือโครงการตามที่กำหนดไว้ในมาตรา 28
(7) ปฏิบัติการอื่นใดตามที่พระราชบัญญัตินี้หรือกฎหมายอื่นบัญญัติให้เป็นอำนาจหน้าที่ของคณะกรรมการ หรือตามที่คณะรัฐมนตรีมอบหมาย",financial,,,,,financial,"rule-based classify_category(law_title, context); provisional",1,requires human verification
ว0033-1B-0001-24,ว0033-1B-0001,พระราชบัญญัติวิธีการงบประมาณ พ.ศ. 2561,24,"พระราชบัญญัติวิธีการงบประมาณ พ.ศ. 2561 มาตรา 24 ในการจัดทำงบประมาณประจำปี ให้สำนักงบประมาณเป็นหน่วยงานหลักโดยร่วมกับกระทรวงการคลัง สำนักงานคณะกรรมการพัฒนาการเศรษฐกิจและสังคมแห่งชาติ และธนาคารแห่งประเทศไทย เพื่อดำเนินการดังต่อไปนี้
(1) กำหนดนโยบายงบประมาณประจำปี ประมาณการรายได้ วงเงินงบประมาณรายจ่าย และวิธีการเพื่อชดเชยการขาดดุลงบประมาณ หรือการจัดการในกรณีที่ประมาณการรายได้สูงกว่าวงเงินงบประมาณ
(2) กำหนดสัดส่วนงบประมาณรายจ่ายเพื่อการลงทุนและงบประมาณรายจ่ายเพื่อการชำระหนี้ภาครัฐ ต่อกรอบวงเงินงบประมาณรายจ่ายประจำปี
(3) กำหนดกรอบประมาณการรายจ่าย ประมาณการรายรับ และฐานะการคลังของรัฐบาลเป็นการล่วงหน้าไม่น้อยกว่าสามปี
เมื่อได้ดำเนินการตาม (1) แล้ว ให้ผู้อำนวยการเสนอต่อคณะรัฐมนตรีเพื่อพิจารณาให้ความเห็นชอบ",financial,,,,,financial,"rule-based classify_category(law_title, context); provisional",1,requires human verification
ว0033-1B-0001-6,ว0033-1B-0001,พระราชบัญญัติวิธีการงบประมาณ พ.ศ. 2561,6,พระราชบัญญัติวิธีการงบประมาณ พ.ศ. 2561 มาตรา 6 การจัดทำงบประมาณ การบริหารงบประมาณรายจ่าย การควบคุมงบประมาณ และการประเมินผลและการรายงาน ต้องปฏิบัติตามพระราชบัญญัตินี้ และสอดคล้องกับกฎหมายว่าด้วยวินัยการเงินการคลังของรัฐ,financial,,,,,financial,"rule-based classify_category(law_title, context); provisional",1,requires human verification
ธ0012-1B-0001-82,ธ0012-1B-0001,พระราชบัญญัติธุรกิจสถาบันการเงิน พ.ศ. 2551,82,พระราชบัญญัติธุรกิจสถาบันการเงิน พ.ศ. 2551 มาตรา 82 เพื่อประโยชน์ในการตรวจสอบสถาบันการเงินของธนาคารแห่งประเทศไทย ให้สถาบันการเงินจัดเก็บข้อมูล บัญชี เอกสาร ดวงตรา หรือหลักฐานอื่นอันเกี่ยวกับกิจการ สินทรัพย์และหนี้สิน ตามหลักเกณฑ์ที่ธนาคารแห่งประเทศไทยประกาศกำหนด,financial,,,,,financial,"rule-based classify_category(law_title, context); provisional",1,requires human verification
ธ0012-1B-0001-140,ธ0012-1B-0001,พระราชบัญญัติธุรกิจสถาบันการเงิน พ.ศ. 2551,140,พระราชบัญญัติธุรกิจสถาบันการเงิน พ.ศ. 2551 มาตรา 140 กรรมการ ผู้จัดการ หรือผู้มีอำนาจในการจัดการของสถาบันการเงินผู้ใดโดยทุจริต หลอกลวงด้วยการแสดงข้อความอันเป็นเท็จแก่ประชาชน หรือด้วยการปกปิดความจริงซึ่งควรบอกให้แก่ประชาชนทราบ และโดยการหลอกลวงดังกล่าวนั้นได้ไปซึ่งทรัพย์สินจากประชาชน ผู้ถูกหลอกลวงหรือบุคคลที่สาม หรือทำให้ประชาชนผู้ถูกหลอกลวงหรือบุคคลที่สาม ทำ ถอน หรือทำลายเอกสารสิทธิ ต้องระวางโทษจำคุกตั้งแต่ห้าปีถึงสิบปี และปรับตั้งแต่ห้าแสนบาทถึงหนึ่งล้านบาท,financial,,,,,financial,"rule-based classify_category(law_title, context); provisional",1,requires human verification
ธ0012-1B-0001-80,ธ0012-1B-0001,พระราชบัญญัติธุรกิจสถาบันการเงิน พ.ศ. 2551,80,"พระราชบัญญัติธุรกิจสถาบันการเงิน พ.ศ. 2551 มาตรา 80 ห้ามมิให้สถาบันการเงินกระทำการ ดังต่อไปนี้
(1) ลดทุนโดยไม่ได้รับอนุญาตจากธนาคารแห่งประเทศไทย ทั้งนี้ ในการอนุญาตธนาคารแห่งประเทศไทยอาจกำหนดหลักเกณฑ์ในการลดทุนไว้ด้วยก็ได้ และมิให้นำมาตรา 1117 มาตรา 1225 และมาตรา 1226 แห่งประมวลกฎหมายแพ่งและพาณิชย์ และมาตรา 139 วรรคหนึ่ง และมาตรา 141 แห่งพระราชบัญญัติบริษัทมหาชนจำกัด พ.ศ. 2535 แล้วแต่กรณี มาใช้บังคับ
(2) ซื้อหรือมีไว้ซึ่งอสังหาริมทรัพย์ เว้นแต่
(ก) เพื่อใช้เป็นสถานที่สำหรับการประกอบธุรกิจ หรือเป็นที่พัก หรือเพื่อสวัสดิการของพนักงานและลูกจ้างของสถาบันการเงินนั้นตามสมควร โดยได้รับอนุญาตจากธนาคารแห่งประเทศไทย ในการอนุญาตธนาคารแห่งประเทศไทยอาจกำหนดหลักเกณฑ์ไว้ด้วยก็ได้
(ข) เป็นการได้มาจากการชำระหนี้ การประกันการให้สินเชื่อ การซื้ออสังหาริมทรัพย์ที่สถาบันการเงินนั้นรับจำนองไว้จากการขายทอดตลาดโดยคำสั่งศาลหรือเจ้าพนักงานพิทักษ์ทรัพย์ แต่ต้องจำหน่ายอสังหาริมทรัพย์ดังกล่าวภายในห้าปีนับแต่วันที่อสังหาริมทรัพย์นั้นตกเป็นของสถาบันการเงิน ในกรณีที่มีเหตุจำเป็นธนาคารแห่งประเทศไทยจะขยายเวลาการจำหน่ายอสังหาริมทรัพย์ดังกล่าว โดยธนาคารแห่งประเทศไทยอาจกำหนดหลักเกณฑ์ไว้ด้วยก็ได้
(ค) เป็นอสังหาริมทรัพย์ที่บริษัทเงินทุนที่ประกอบกิจการเงินทุนเพื่อการเคหะ หรือบริษัทเครดิตฟองซิเอร์ซื้อหรือมีไว้เพื่อประกอบธุรกิจ ตามหลักเกณฑ์ที่ธนาคารแห่งประเทศไทยกำหนด
(3) รับหุ้นของสถาบันการเงินนั้นเป็นประกัน หรือรับหุ้นของสถาบันการเงินประเภทเดียวกันจากสถาบันการเงินอื่นที่เป็นสถาบันการเงินประเภทเดียวกันเป็นประกัน",financial,,,,,financial,"rule-based classify_category(law_title, context); provisional",1,requires human verification
ธ0012-1B-0001-131/1,ธ0012-1B-0001,พระราชบัญญัติธุรกิจสถาบันการเงิน พ.ศ. 2551,131/1,พระราชบัญญัติธุรกิจสถาบันการเงิน พ.ศ. 2551 มาตรา 131/1 กรรมการ ผู้จัดการ หรือผู้มีอำนาจในการจัดการของสถาบันการเงินเฉพาะกิจผู้ใดฝ่าฝืนหรือไม่ปฏิบัติหรือไม่ควบคุมดูแลสถาบันการเงินเฉพาะกิจให้ปฏิบัติตามหลักเกณฑ์ที่กำหนดตามมาตรา 120 หรือมาตรา 120/1 ต้องระวางโทษปรับไม่เกินสามแสนบาท,financial,,,,,financial,"rule-based classify_category(law_title, context); provisional",1,requires human verification
ว0083-1B-0001-20,ว0083-1B-0001,พระราชบัญญัติวินัยการเงินการคลังของรัฐ พ.ศ. 2561,20,"พระราชบัญญัติวินัยการเงินการคลังของรัฐ พ.ศ. 2561 มาตรา 20 การตั้งงบประมาณรายจ่ายประจำปีต้องดำเนินการตามหลักเกณฑ์ ดังต่อไปนี้
(1) งบประมาณรายจ่ายลงทุน ต้องมีจำนวนไม่น้อยกว่าร้อยละยี่สิบของงบประมาณรายจ่ายประจำปี และต้องไม่น้อยกว่าวงเงินส่วนที่ขาดดุลของงบประมาณประจำปีนั้น
(2) งบประมาณรายจ่ายเกี่ยวกับบุคลากรของรัฐและสวัสดิการของบุคลากรของรัฐ ต้องตั้งไว้อย่างพอเพียง
(3) งบประมาณรายจ่ายเพื่อการชำระหนี้ภาครัฐซึ่งเป็นหนี้สาธารณะที่กระทรวงการคลังกู้หรือค้ำประกัน ต้องตั้งเพื่อการชำระคืนต้นเงินกู้ ดอกเบี้ย และค่าใช้จ่ายในการกู้เงินอย่างพอเพียง
(4) ภาระทางการเงินที่มีกฎหมายบัญญัติให้รัฐบาลต้องส่งเงินเข้าสมทบหรือชดเชยเพื่อการใด ๆ ต้องตั้งงบประมาณรายจ่ายให้ตามเวลาที่กฎหมายกำหนด
(5) ภาระทางการเงินเพื่อชดเชยต้นทุนทางการเงินและการบริหารจัดการ รวมทั้งความเสียหายจากการดำเนินกิจกรรม มาตรการ หรือโครงการตามมาตรา 28 ต้องตั้งงบประมาณรายจ่ายให้ในโอกาสแรกที่กระทำได้
(6) งบประมาณรายจ่ายงบกลาง รายการเงินสำรองจ่ายเพื่อกรณีฉุกเฉินหรือจำเป็น ให้ตั้งได้เฉพาะเพื่อวัตถุประสงค์ในการป้องกันหรือแก้ไขสถานการณ์อันกระทบต่อความสงบเรียบร้อยของประชาชน ความมั่นคงของรัฐ การเยียวยาหรือบรรเทาความเสียหายจากภัยพิบัติสาธารณะร้ายแรง และภารกิจที่เป็นความจำเป็นเร่งด่วนของรัฐ
ในกรณีที่การตั้งงบประมาณรายจ่ายไม่สามารถดำเนินการตามหลักเกณฑ์ที่กำหนดไว้ในวรรคหนึ่งได้ ให้แสดงเหตุผลความจำเป็นและมาตรการในการแก้ไขต่อรัฐสภาพร้อมกับการเสนอร่างพระราชบัญญัติงบประมาณรายจ่ายประจำปีด้วย",financial,,,,,financial,"rule-based classify_category(law_title, context); provisional",1,requires human verification
ก0185-1B-0001-18,ก0185-1B-0001,พระราชบัญญัติการพัฒนาการกำกับดูแลและบริหารรัฐวิสาหกิจ พ.ศ. 2562,18,"พระราชบัญญัติการพัฒนาการกำกับดูแลและบริหารรัฐวิสาหกิจ พ.ศ. 2562 มาตรา 18 ให้สำนักงานมีหน้าที่และอำนาจกำกับดูแลรัฐวิสาหกิจและรับผิดชอบเกี่ยวกับกิจการทั่วไปของ คนร. และให้มีหน้าที่และอำนาจ ดังต่อไปนี้
(1) ศึกษา ตรวจสอบ และวิเคราะห์ผลการดำเนินงาน สถานะทางการเงินและภารกิจของรัฐวิสาหกิจ ตลอดจนติดตามและจัดทำผลการดำเนินการตามแผนพัฒนารัฐวิสาหกิจของรัฐวิสาหกิจ
(2) ศึกษา วิเคราะห์ และเสนอแนะการกำหนดมาตรการและการจัดสรรเงินชดเชยให้แก่รัฐวิสาหกิจตามมาตรา 28
(3) ประเมินผลการดำเนินงานของรัฐวิสาหกิจตามมาตรา 30
(4) เสนอแนะแนวทางการกำหนดหลักเกณฑ์เพื่อสร้างแรงจูงใจแก่รัฐวิสาหกิจต่อ คนร. เพื่อเสนอต่อคณะรัฐมนตรีให้ความเห็นชอบ
(5) กำหนดทักษะ ความรู้ ความเชี่ยวชาญ และสมรรถนะหลักของกรรมการรัฐวิสาหกิจตามมาตรา 36 (2)
(6) ให้คำปรึกษา เสนอแนะ และให้ความช่วยเหลือด้านวิชาการเกี่ยวกับการบริหารและพัฒนาองค์กรแก่รัฐวิสาหกิจ
(7) ส่งเสริมการบริหารและพัฒนาทรัพยากรบุคคลของรัฐวิสาหกิจหรือหน่วยงานที่เกี่ยวข้องเพื่อเสริมสร้างศักยภาพและประสิทธิภาพในการดำเนินการตามพระราชบัญญัตินี้
(8) เสนอแนะต่อ คนร. ให้มีการตรา แก้ไข เพิ่มเติม ยกเลิก หรือปรับปรุงกฎหมาย ระเบียบ หรือหลักเกณฑ์ที่เกี่ยวข้องกับรัฐวิสาหกิจให้เหมาะสมและสอดคล้องต่อการพัฒนาประเทศ
(9) ปฏิบัติการอื่นใดตามที่กฎหมายกำหนดให้เป็นหน้าที่และอำนาจของสำนักงาน หรือตามที่คณะรัฐมนตรี หรือ คนร. มอบหมาย",financial,,,,,financial,"rule-based classify_category(law_title, context); provisional",1,requires human verification
ธ0012-1B-0001-139,ธ0012-1B-0001,พระราชบัญญัติธุรกิจสถาบันการเงิน พ.ศ. 2551,139,พระราชบัญญัติธุรกิจสถาบันการเงิน พ.ศ. 2551 มาตรา 139 ในกรณีที่สถาบันการเงินใดฝ่าฝืนหรือไม่ปฏิบัติตามมาตรา 36 มาตรา 50 มาตรา 66 มาตรา 80 มาตรา 93 มาตรา 94 หรือมาตรา 95 หรือฝ่าฝืนหรือไม่ปฏิบัติตามประกาศ ข้อกำหนด หลักเกณฑ์ หรือคำสั่งที่กำหนดตามมาตรา 9 วรรคหนึ่ง มาตรา 10 วรรคหนึ่ง มาตรา 33 มาตรา 36 มาตรา 50 มาตรา 66 มาตรา 71 มาตรา 80 มาตรา 90 หรือมาตรา 95 ถ้าการกระทำความผิดของสถาบันการเงินนั้นเกิดจากการสั่งการหรือการกระทำของกรรมการ หรือผู้จัดการ หรือผู้มีอำนาจในการจัดการของสถาบันการเงิน หรือบุคคลใดซึ่งรับผิดชอบในการดำเนินงานของสถาบันการเงินนั้น หรือในกรณีที่บุคคลดังกล่าวมีหน้าที่ต้องสั่งการหรือกระทำการและละเว้นไม่สั่งการหรือไม่กระทำการจนเป็นเหตุให้สถาบันการเงินนั้นกระทำความผิด ผู้นั้นต้องระวางโทษจำคุกไม่เกินหนึ่งปี หรือปรับตั้งแต่ห้าแสนบาทถึงหนึ่งล้านบาท หรือทั้งจำทั้งปรับ,financial,,,,,financial,"rule-based classify_category(law_title, context); provisional",1,requires human verification
ว0083-1B-0001-73,ว0083-1B-0001,พระราชบัญญัติวินัยการเงินการคลังของรัฐ พ.ศ. 2561,73,พระราชบัญญัติวินัยการเงินการคลังของรัฐ พ.ศ. 2561 มาตรา 73 ให้กระทรวงการคลังจัดทำบัญชีการเงินแผ่นดินตามมาตรฐานการบัญชีภาครัฐและนโยบายการบัญชีภาครัฐ,financial,,,,,financial,"rule-based classify_category(law_title, context); provisional",1,requires human verification
ป0003-1D-0002-599,ป0003-1D-0002,ประมวลกฎหมายแพ่งและพาณิชย์,599,"ประมวลกฎหมายแพ่งและพาณิชย์ มาตรา 599
ในกรณีที่ส่งมอบเนิ่นช้าไปก็ดี หรือส่งมอบการที่ทำชำรุดบกพร่องก็ดี ท่านว่าผู้ว่าจ้างชอบที่จะยึดหน่วงสินจ้างไว้ได้ เว้นแต่ผู้รับจ้างจะให้ประกันตามสมควร",labor,,,,,other,"rule-based classify_category(law_title, context); provisional",0,requires human verification
ร0043-1B-0001-65,ร0043-1B-0001,พระราชบัญญัติแรงงานรัฐวิสาหกิจสัมพันธ์ พ.ศ. 2543,65,"พระราชบัญญัติแรงงานรัฐวิสาหกิจสัมพันธ์ พ.ศ. 2543 มาตรา 65 สหภาพแรงงานย่อมเลิกด้วยเหตุใดเหตุหนึ่ง ดังต่อไปนี้
(1) ถ้ามีข้อบังคับของสหภาพแรงงานกำหนดให้เลิกในกรณีใด เมื่อมีกรณีนั้น
(2) ที่ประชุมใหญ่มีมติให้เลิก
(3) ล้มละลาย
(4) นายทะเบียนมีคำสั่งให้เลิกตามมาตรา 66",labor,,,,,labor,"rule-based classify_category(law_title, context); provisional",1,requires human verification
ร0043-1B-0001-55,ร0043-1B-0001,พระราชบัญญัติแรงงานรัฐวิสาหกิจสัมพันธ์ พ.ศ. 2543,55,"พระราชบัญญัติแรงงานรัฐวิสาหกิจสัมพันธ์ พ.ศ. 2543 มาตรา 55 ให้สหภาพแรงงานมีคณะกรรมการสหภาพแรงงานเป็นผู้ดำเนินกิจการและเป็นผู้แทนของสหภาพแรงงานในกิจการที่เกี่ยวกับบุคคลภายนอก เพื่อการนี้คณะกรรมการสหภาพแรงงานจะมอบหมายให้กรรมการคนหนึ่งหรือหลายคนทำแทนก็ได้
คณะกรรมการสหภาพแรงงานอาจแต่งตั้งคณะอนุกรรมการสหภาพแรงงานเพื่อปฏิบัติงานตามที่มอบหมายได้
คณะกรรมการสหภาพแรงงานประกอบด้วย ประธานสหภาพแรงงานเป็นประธานกรรมการและมีกรรมการอื่นตามที่กำหนดในข้อบังคับ",labor,,,,,labor,"rule-based classify_category(law_title, context); provisional",1,requires human verification
ป0003-1D-0002-425,ป0003-1D-0002,ประมวลกฎหมายแพ่งและพาณิชย์,425,"ประมวลกฎหมายแพ่งและพาณิชย์ มาตรา 425
นายจ้างต้องร่วมกันรับผิดกับลูกจ้างในผลแห่งละเมิด ซึ่งลูกจ้างได้กระทำไปในทางการที่จ้างนั้น",labor,,,,,labor,"rule-based classify_category(law_title, context); provisional",1,requires human verification
ก0070-1B-0003-5,ก0070-1B-0003,พระราชบัญญัติกองทุนสำรองเลี้ยงชีพ พ.ศ. 2530,5,พระราชบัญญัติกองทุนสำรองเลี้ยงชีพ พ.ศ. 2530 มาตรา 5 กองทุนจะมีขึ้นได้ต่อเมื่อลูกจ้างและนายจ้างตกลงกันจัดตั้งขึ้นและได้จดทะเบียนตามพระราชบัญญัตินี้ เพื่อเป็นหลักประกันแก่ลูกจ้างในกรณีที่ลูกจ้างตาย ออกจากงาน หรือลาออกจากกองทุน โดยลูกจ้างจ่ายเงินสะสมและนายจ้างจ่ายเงินสมทบตามเกณฑ์ที่กำหนดไว้ในข้อบังคับของกองทุนนั้น ทั้งนี้ จะจัดตั้งเป็นกองทุนนายจ้างเดียวหรือกองทุนหลายนายจ้าง ซึ่งอาจมีนโยบายการลงทุนนโยบายเดียวหรือหลายนโยบายก็ได้,labor,,,,,labor,"rule-based classify_category(law_title, context); provisional",1,requires human verification
ป0003-1D-0002-580,ป0003-1D-0002,ประมวลกฎหมายแพ่งและพาณิชย์,580,"ประมวลกฎหมายแพ่งและพาณิชย์ มาตรา 580
ถ้าไม่มีกำหนดโดยสัญญาหรือจารีตประเพณีว่าจะพึงจ่ายสินจ้างเมื่อไร ท่านว่าพึงจ่ายเมื่องานได้ทำแล้วเสร็จ ถ้าการจ่ายสินจ้างนั้นได้กำหนดกันไว้เป็นระยะเวลาก็ให้พึงจ่ายเมื่อสุดระยะเวลาเช่นนั้นทุกคราวไป",labor,,,,,other,"rule-based classify_category(law_title, context); provisional",0,requires human verification
ป0003-1D-0002-582,ป0003-1D-0002,ประมวลกฎหมายแพ่งและพาณิชย์,582,"ประมวลกฎหมายแพ่งและพาณิชย์ มาตรา 582
ถ้าคู่สัญญาไม่ได้กำหนดลงไว้ในสัญญาว่าจะจ้างกันนานเท่าไร ท่านว่าฝ่ายใดฝ่ายหนึ่งจะเลิกสัญญาด้วยการบอกกล่าวล่วงหน้าในเมื่อถึงหรือก่อนจะถึงกำหนดจ่ายสินจ้างคราวใดคราวหนึ่ง เพื่อให้เป็นผลเลิกสัญญากันเมื่อถึงกำหนดจ่ายสินจ้างคราวถัดไปข้างหน้าก็อาจทำได้ แต่ไม่จำต้องบอกกล่าวล่วงหน้ากว่าสามเดือน
อนึ่ง ในเมื่อบอกกล่าวดังว่านี้ นายจ้างจะจ่ายสินจ้างแก่ลูกจ้างเสียให้ครบจำนวนที่จะต้องจ่ายจนถึงเวลาเลิกสัญญาตามกำหนดที่บอกกล่าวนั้นทีเดียว แล้วปล่อยลูกจ้างจากงานเสียในทันทีก็อาจทำได้",labor,,,,,labor,"rule-based classify_category(law_title, context); provisional",1,requires human verification
ก0164-1B-0001-70,ก0164-1B-0001,พระราชบัญญัติการจัดซื้อจัดจ้างและการบริหารพัสดุภาครัฐ พ.ศ. 2560,70,"พระราชบัญญัติการจัดซื้อจัดจ้างและการบริหารพัสดุภาครัฐ พ.ศ. 2560 มาตรา 70 งานจ้างที่ปรึกษา ให้หน่วยงานของรัฐเลือกใช้วิธีใดวิธีหนึ่งตามมาตรา 69 ตามหลักเกณฑ์ ดังต่อไปนี้
(1) งานจ้างที่ปรึกษาโดยวิธีประกาศเชิญชวนทั่วไป ให้ใช้กับงานที่ไม่ซับซ้อน งานที่มีลักษณะเป็นงานประจำของหน่วยงานของรัฐ หรืองานที่มีมาตรฐานตามหลักวิชาชีพ และมีที่ปรึกษาซึ่งสามารถทำงานนั้นได้เป็นการทั่วไป
(2) งานจ้างที่ปรึกษาโดยวิธีคัดเลือก ให้กระทำได้ในกรณี ดังต่อไปนี้
(ก) ใช้วิธีประกาศเชิญชวนทั่วไปแล้ว แต่ไม่มีผู้ยื่นข้อเสนอ หรือข้อเสนอนั้นไม่ได้รับการคัดเลือก
(ข) เป็นงานที่ซับซ้อน ซับซ้อนมาก หรือที่มีเทคนิคเฉพาะไม่เหมาะที่จะดำเนินการโดยวิธีประกาศเชิญชวนทั่วไป
(ค) เป็นงานจ้างที่มีที่ปรึกษาในงานที่จะจ้างนั้นจำนวนจำกัด
(ง) กรณีอื่นตามที่กำหนดในกฎกระทรวง
(3) งานจ้างที่ปรึกษาโดยวิธีเฉพาะเจาะจง ให้กระทำได้ในกรณี ดังต่อไปนี้
(ก) ใช้ทั้งวิธีประกาศเชิญชวนทั่วไปและวิธีคัดเลือก หรือใช้วิธีคัดเลือกแล้ว แต่ไม่มีผู้ยื่นข้อเสนอ หรือข้อเสนอนั้นไม่ได้รับการคัดเลือก
(ข) งานจ้างที่มีวงเงินค่าจ้างครั้งหนึ่งไม่เกินวงเงินตามที่กำหนดในกฎกระทรวง
(ค) เป็นงานที่จำเป็นต้องให้ที่ปรึกษารายเดิมทำต่อจากงานที่ได้ทำไว้แล้วเนื่องจากเหตุผลทางเทคนิค
(ง) เป็นงานจ้างที่มีที่ปรึกษาในงานที่จะจ้างนั้นจำนวนจำกัดและมีวงเงินค่าจ้างครั้งหนึ่งไม่เกินวงเงินตามที่กำหนดในกฎกระทรวง
(จ) เป็นงานจ้างที่มีที่ปรึกษาในงานที่จะจ้างนั้นเพียงรายเดียว
(ฉ) เป็นงานที่มีความจำเป็นเร่งด่วนหรือที่เกี่ยวกับความมั่นคงของชาติ หากล่าช้าจะเสียหายแก่หน่วยงานของรัฐหรือความมั่นคงของชาติ
(ช) กรณีอื่นตามที่กำหนดในกฎกระทรวง
ให้คณะกรรมการนโยบายมีอำนาจประกาศในระบบเครือข่ายสารสนเทศของกรมบัญชีกลางกำหนดกรณีตัวอย่างของงานที่ไม่ซับซ้อนตาม (1) หรืองานที่ซับซ้อน ซับซ้อนมาก หรือที่มีเทคนิคเฉพาะตาม (2) (ข)
รัฐมนตรีอาจออกระเบียบเพื่อกำหนดรายละเอียดอื่นของงานจ้างที่ปรึกษาตามวรรคหนึ่งเพิ่มเติมได้ตามความจำเป็นเพื่อประโยชน์ในการดำเนินการ",labor,,,,,labor,"rule-based classify_category(law_title, context); provisional",1,requires human verification
ก0123-1B-0001-34,ก0123-1B-0001,พระราชบัญญัติการประกอบกิจการพลังงาน พ.ศ. 2550,34,"พระราชบัญญัติการประกอบกิจการพลังงาน พ.ศ. 2550 มาตรา 34 ให้สำนักงานมีเลขาธิการคนหนึ่งเป็นผู้รับผิดชอบการปฏิบัติงานของสำนักงานขึ้นตรงต่อประธานกรรมการ และเป็นผู้บังคับบัญชาพนักงานและลูกจ้างของสำนักงาน
ในกิจการของสำนักงานที่เกี่ยวกับบุคคลภายนอก ให้เลขาธิการเป็นผู้แทนของสำนักงานเพื่อการนี้เลขาธิการจะมอบอำนาจให้บุคคลใดปฏิบัติงานเฉพาะอย่างแทนก็ได้ ทั้งนี้ ต้องเป็นไปตามระเบียบที่คณะกรรมการกำหนด",labor,,,,,labor,"rule-based classify_category(law_title, context); provisional",1,requires human verification
ก0070-1B-0003-9,ก0070-1B-0003,พระราชบัญญัติกองทุนสำรองเลี้ยงชีพ พ.ศ. 2530,9,"พระราชบัญญัติกองทุนสำรองเลี้ยงชีพ พ.ศ. 2530 มาตรา 9 ข้อบังคับของกองทุนอย่างน้อยต้องมีรายการ ดังต่อไปนี้
(1) ชื่อ ซึ่งต้องมีคำว่า “กองทุนสำรองเลี้ยงชีพ” นำหน้า และมีคำว่า “ซึ่งจดทะเบียนแล้ว” ต่อท้าย
(2) ที่ตั้งสำนักงาน
(3) วัตถุประสงค์
(4) วิธีรับสมาชิกและการสิ้นสมาชิกภาพ
(5) ข้อกำหนดเกี่ยวกับจำนวนกรรมการ วิธีการเลือกตั้งและแต่งตั้ง วาระการดำรงตำแหน่ง การพ้นจากตำแหน่ง และการประชุมของคณะกรรมการกองทุน
(6) ข้อกำหนดเกี่ยวกับเงินสะสมของลูกจ้างและเงินสมทบของนายจ้างที่จะต้องจ่ายเข้ากองทุน
(7) ข้อกำหนดเกี่ยวกับหลักเกณฑ์และวิธีการคำนวณผลประโยชน์ที่ลูกจ้างจะได้รับ
(8) ข้อกำหนดเกี่ยวกับหลักเกณฑ์ วิธีการ และระยะเวลาในการจ่ายเงินเมื่อลูกจ้างสิ้นสมาชิกภาพหรือเมื่อกองทุนเลิกตามมาตรา 25 ทั้งนี้ ข้อกำหนดนั้นจะต้องไม่ตัดสิทธิของลูกจ้าง โดยปราศจากเหตุผลอันสมควร
(9) ข้อกำหนดเกี่ยวกับค่าใช้จ่ายในการดำเนินกิจการของกองทุน
(10) ข้อกำหนดเกี่ยวกับการประชุมใหญ่ หรือข้อกำหนดเกี่ยวกับการประชุมสมาชิกแยกตามนโยบายการลงทุนหรือตามรายนายจ้างในกรณีที่เป็นการจัดตั้งกองทุนที่กำหนดให้มีนโยบายการลงทุนหลายนโยบาย หรือกองทุนหลายนายจ้าง
(11) รายการอื่น ๆ ตามที่กำหนดในกฎกระทรวง
การแก้ไขหรือเพิ่มเติมข้อบังคับของกองทุนให้คณะกรรมการกองทุนนำไปจดทะเบียนภายในสิบห้าวันนับแต่วันที่มีมติให้แก้ไข และยังไม่มีผลใช้บังคับจนกว่านายทะเบียนจะได้รับจดทะเบียนแล้ว",labor,,,,,labor,"rule-based classify_category(law_title, context); provisional",1,requires human verification
ก0070-1B-0003-10/1,ก0070-1B-0003,พระราชบัญญัติกองทุนสำรองเลี้ยงชีพ พ.ศ. 2530,10/1,พระราชบัญญัติกองทุนสำรองเลี้ยงชีพ พ.ศ. 2530 มาตรา 10/1 ในกรณีที่รัฐมนตรีเห็นว่าท้องที่หนึ่งท้องที่ใดเกิดวิกฤตเศรษฐกิจ สาธารณภัย หรือเหตุการณ์ใดที่ส่งผลกระทบต่อสถานการณ์ทางเศรษฐกิจ ให้รัฐมนตรีมีอำนาจกำหนดประเภทธุรกิจ ระยะเวลา หรือเงื่อนไขใด เพื่อให้ลูกจ้างหรือนายจ้างหยุดหรือเลื่อนการส่งเงินสะสมหรือเงินสมทบเข้ากองทุนได้คราวละไม่เกินหนึ่งปี ทั้งนี้ ตามหลักเกณฑ์ที่รัฐมนตรีประกาศกำหนด,labor,,,,,labor,"rule-based classify_category(law_title, context); provisional",1,requires human verification
ก0070-1B-0003-17,ก0070-1B-0003,พระราชบัญญัติกองทุนสำรองเลี้ยงชีพ พ.ศ. 2530,17,"พระราชบัญญัติกองทุนสำรองเลี้ยงชีพ พ.ศ. 2530 มาตรา 17 ให้ผู้จัดการกองทุนจัดทำบัญชีเพื่อแบ่งแยกทรัพย์สินของกองทุนทุกกองทุน โดยให้บันทึกรายได้และค่าใช้จ่ายของกองทุนตามประเภทของกองทุน ดังต่อไปนี้
(1) กรณีกองทุนหลายนายจ้าง ให้บันทึกรายได้และค่าใช้จ่ายของกองทุนตามส่วนได้เสียของลูกจ้างแยกตามรายนายจ้าง ทั้งนี้ รายได้และค่าใช้จ่ายของกองทุนดังต่อไปนี้ ให้นำมาคำนวณเพื่อบันทึกเป็นรายได้หรือค่าใช้จ่ายในบัญชีของลูกจ้างที่มีนายจ้างรายเดียวกัน
(ก) เงินเพิ่มที่นายจ้างจ่ายเข้ากองทุน
(ข) เงินสมทบและผลประโยชน์ของเงินสมทบที่ลูกจ้างซึ่งสิ้นสมาชิกภาพไม่มีสิทธิได้รับและข้อบังคับของกองทุนกำหนดให้เป็นของกองทุน
(ค) ค่าเสียหายหรือดอกเบี้ยที่กองทุนต้องชำระตามคำพิพากษาหรือคำสั่งศาล
(ง) เงินที่ตกเป็นของกองทุนตามมาตรา 23 วรรคสี่
(จ) รายได้หรือค่าใช้จ่ายอื่นตามที่นายทะเบียนประกาศกำหนด
รายได้ของกองทุนตามวรรคหนึ่ง (ก) (ข) (ง) และ (จ) อาจกำหนดในข้อบังคับของกองทุนให้บันทึกตามส่วนได้เสียของลูกจ้างหรือบันทึกเฉลี่ยตามจำนวนลูกจ้างของนายจ้างรายใดรายหนึ่งหรือหลายรายก็ได้
(2) กรณีกองทุนที่มีหลายนโยบายการลงทุน ให้จัดทำบัญชีแยกทรัพย์สินของแต่ละนโยบายการลงทุนออกจากกัน ทั้งนี้ รายได้และค่าใช้จ่ายที่เกิดขึ้นหากเป็นผลมาจากการจัดการลงทุนตามนโยบายการลงทุนใด ให้บันทึกเป็นรายได้และค่าใช้จ่ายในบัญชีของนโยบายการลงทุนนั้น ส่วนรายได้และค่าใช้จ่ายอื่น ให้กระจายรายได้และค่าใช้จ่ายนั้นตามสัดส่วนของมูลค่าทรัพย์สินของแต่ละนโยบายการลงทุนและบันทึกเป็นรายได้และค่าใช้จ่ายในบัญชีของนโยบายการลงทุนนั้น",labor,,,,,labor,"rule-based classify_category(law_title, context); provisional",1,requires human verification
ร0043-1B-0001-57,ร0043-1B-0001,พระราชบัญญัติแรงงานรัฐวิสาหกิจสัมพันธ์ พ.ศ. 2543,57,"พระราชบัญญัติแรงงานรัฐวิสาหกิจสัมพันธ์ พ.ศ. 2543 มาตรา 57 สหภาพแรงงานจะกระทำการดังต่อไปนี้ได้ก็แต่โดยมติของที่ประชุมใหญ่
(1) แก้ไขเพิ่มเติมข้อบังคับ
(2) เลือกตั้งกรรมการสหภาพแรงงาน เลือกตั้งผู้สอบบัญชี รับรองงบดุล รายงานประจำปีและงบประมาณ
(3) จัดให้มีการให้บริการเพื่อสวัสดิการของสมาชิก หรือจัดสรรเงินหรือทรัพย์สินเพื่อสาธารณประโยชน์
(4) ร่วมจัดตั้งหรือเข้าเป็นสมาชิกสหพันธ์แรงงาน
(5) รับเงินช่วยเหลือจากบุคคลซึ่งไม่มีสัญชาติไทย หรือคนต่างด้าวตามกฎหมายว่าด้วยการประกอบธุรกิจของคนต่างด้าว
(6) เลิกสหภาพแรงงาน",labor,,,,,labor,"rule-based classify_category(law_title, context); provisional",1,requires human verification
ป0003-1D-0002-816,ป0003-1D-0002,ประมวลกฎหมายแพ่งและพาณิชย์,816,"ประมวลกฎหมายแพ่งและพาณิชย์ มาตรา 816
ถ้าในการจัดทำกิจการอันเขามอบหมายแก่ตนนั้น ตัวแทนได้ออกเงินทดรองหรือออกเงินค่าใช้จ่ายไป ซึ่งพิเคราะห์ตามเหตุควรนับว่าเป็นการจำเป็นได้ไซร้ ท่านว่าตัวแทนจะเรียกเอาเงินชดใช้จากตัวการ รวมทั้งดอกเบี้ยนับแต่วันที่ได้ออกเงินไปนั้นด้วยก็ได้
ถ้าในการจัดทำกิจการอันเขามอบหมายแก่ตนนั้น ตัวแทนต้องรับภาระเป็นหนี้ขึ้นอย่างหนึ่งอย่างใด ซึ่งพิเคราะห์ตามเหตุควรนับว่าเป็นการจำเป็นได้ไซร้ ท่านว่าตัวแทนจะเรียกให้ตัวการชำระหนี้แทนตนก็ได้ หรือถ้ายังไม่ถึงเวลากำหนดชำระหนี้ จะให้ตัวการให้ประกันอันสมควรก็ได้
ถ้าในการจัดทำกิจการอันเขามอบหมายแก่ตนนั้น เป็นเหตุให้ตัวแทนต้องเสียหายอย่างหนึ่งอย่างใด มิใช่เป็นเพราะความผิดของตนเองไซร้ ท่านว่าตัวแทนจะเรียกเอาค่าสินไหมทดแทนจากตัวการก็ได้",labor,,,,,criminal,"rule-based classify_category(law_title, context); provisional",0,requires human verification
ป0003-1D-0002-426,ป0003-1D-0002,ประมวลกฎหมายแพ่งและพาณิชย์,426,"ประมวลกฎหมายแพ่งและพาณิชย์ มาตรา 426
นายจ้างซึ่งได้ใช้ค่าสินไหมทดแทนให้แก่บุคคลภายนอกเพื่อละเมิดอันลูกจ้างได้ทำนั้น ชอบที่จะได้ชดใช้จากลูกจ้างนั้น",labor,,,,,labor,"rule-based classify_category(law_title, context); provisional",1,requires human verification
ว0033-1B-0001-52,ว0033-1B-0001,พระราชบัญญัติวิธีการงบประมาณ พ.ศ. 2561,52,"พระราชบัญญัติวิธีการงบประมาณ พ.ศ. 2561 มาตรา 52 ข้าราชการ พนักงานราชการ ลูกจ้าง หรือเจ้าหน้าที่ของรัฐในหน่วยรับงบประมาณผู้ใดจ่ายเงินหรือก่อหนี้ผูกพัน หรือโดยรู้อยู่แล้วยินยอมให้กระทำการดังกล่าวนั้นโดยฝ่าฝืนพระราชบัญญัตินี้หรือระเบียบที่ออกตามพระราชบัญญัตินี้ นอกจากความรับผิดทางอาญาซึ่งอาจได้รับตามกฎหมายอื่นแล้ว ผู้กระทำหรือผู้ยินยอมให้กระทำการดังกล่าวจะต้องรับผิดชดใช้เงินงบประมาณที่หน่วยรับงบประมาณได้จ่ายไปหรือต้องผูกพันจะต้องจ่าย ตลอดจนค่าสินไหมทดแทนใด ๆ ให้แก่หน่วยรับงบประมาณนั้น
บุคคลภายนอกผู้ได้รับประโยชน์จากการกระทำตามวรรคหนึ่ง จะต้องร่วมรับผิดกับผู้กระทำการฝ่าฝืนด้วย เว้นแต่จะแสดงได้ว่าตนได้กระทำไปโดยสุจริตไม่รู้เท่าถึงการฝ่าฝืนพระราชบัญญัติหรือระเบียบดังกล่าว
ความในวรรคหนึ่งไม่ใช้บังคับแก่ข้าราชการ พนักงานราชการ ลูกจ้าง หรือเจ้าหน้าที่ของรัฐซึ่งได้ทักท้วงคำสั่งของผู้บังคับบัญชาหรือได้บันทึกข้อโต้แย้งไว้เป็นหนังสือแล้วว่า การที่จะปฏิบัติตามคำสั่งนั้นอาจไม่ชอบด้วยกฎหมายหรือระเบียบ",labor,,,,,labor,"rule-based classify_category(law_title, context); provisional",1,requires human verification
ก0123-1B-0001-32,ก0123-1B-0001,พระราชบัญญัติการประกอบกิจการพลังงาน พ.ศ. 2550,32,พระราชบัญญัติการประกอบกิจการพลังงาน พ.ศ. 2550 มาตรา 32 กิจการของสำนักงานไม่อยู่ภายใต้บังคับกฎหมายว่าด้วยการคุ้มครองแรงงานกฎหมายว่าด้วยแรงงานสัมพันธ์ และกฎหมายว่าด้วยเงินทดแทน ทั้งนี้ เลขาธิการ พนักงาน และลูกจ้างของสำนักงานต้องได้รับสิทธิประโยชน์ไม่น้อยกว่าที่กำหนดไว้ในกฎหมายดังกล่าว,labor,,,,,labor,"rule-based classify_category(law_title, context); provisional",1,requires human verification
ก0070-1B-0003-23/2,ก0070-1B-0003,พระราชบัญญัติกองทุนสำรองเลี้ยงชีพ พ.ศ. 2530,23/2,พระราชบัญญัติกองทุนสำรองเลี้ยงชีพ พ.ศ. 2530 มาตรา 23/2 เมื่อลูกจ้างรายใดสิ้นสมาชิกภาพตามข้อบังคับของกองทุนด้วยเหตุเกษียณอายุหรือออกจากงานเมื่อมีอายุไม่ต่ำกว่าห้าสิบห้าปีบริบูรณ์ หากลูกจ้างรายนั้นแสดงเจตนาขอรับเงินจากกองทุนเป็นงวด ให้ผู้จัดการกองทุนจ่ายเงินจากกองทุนตามเจตนาของลูกจ้าง โดยลูกจ้างรายนั้นยังคงเป็นสมาชิกของกองทุนต่อไปได้ตามระยะเวลาที่กำหนดในข้อบังคับของกองทุน แต่ลูกจ้างรายนั้นและนายจ้างไม่ต้องจ่ายเงินสะสมหรือเงินสมทบสำหรับลูกจ้างรายนั้นอีก ทั้งนี้ การรับเงินจากกองทุนเป็นงวดให้เป็นไปตามหลักเกณฑ์ที่นายทะเบียนประกาศกำหนด,labor,,,,,labor,"rule-based classify_category(law_title, context); provisional",1,requires human verification
ร0043-1B-0001-7,ร0043-1B-0001,พระราชบัญญัติแรงงานรัฐวิสาหกิจสัมพันธ์ พ.ศ. 2543,7,"พระราชบัญญัติแรงงานรัฐวิสาหกิจสัมพันธ์ พ.ศ. 2543 มาตรา 7 ให้รัฐมนตรีว่าการกระทรวงแรงงาน* รักษาการตามพระราชบัญญัตินี้ และให้มีอำนาจแต่งตั้งพนักงานประนอมข้อพิพาทแรงงานและพนักงานเจ้าหน้าที่เพื่อปฏิบัติการตามพระราชบัญญัตินี้
การแต่งตั้งตามวรรคหนึ่งให้ประกาศในราชกิจจานุเบกษา",labor,,,,,labor,"rule-based classify_category(law_title, context); provisional",1,requires human verification
ค0031-1B-0001-8_4,ค0031-1B-0001,พระราชบัญญัติคุณสมบัติมาตรฐานสำหรับกรรมการและพนักงานรัฐวิสาหกิจ พ.ศ. 2518,8 จัตวา,"พระราชบัญญัติคุณสมบัติมาตรฐานสำหรับกรรมการและพนักงานรัฐวิสาหกิจ พ.ศ. 2518 มาตรา 8 จัตวา ในการจ้างและแต่งตั้งผู้บริหารของรัฐวิสาหกิจ ให้คณะกรรมการของรัฐวิสาหกิจนั้น ตั้งคณะกรรมการสรรหาคณะหนึ่งมีจำนวนห้าคน ซึ่งต้องมีคุณสมบัติและไม่มีลักษณะต้องห้ามตามมาตรา 8 ตรี (1) (3) (4) (5) (6) (11) และ (12)
ให้คณะกรรมการสรรหาทำหน้าที่สรรหาบุคคลที่มีความรู้ ความสามารถและประสบการณ์เหมาะสมที่จะเป็นผู้บริหารของรัฐวิสาหกิจ ซึ่งต้องมีคุณสมบัติและไม่มีลักษณะต้องห้ามตามมาตรา 8 ตรี (1) (3) (4) (5) (6) (9) (10) (11) และ (12) ไม่เป็นกรรมการของรัฐวิสาหกิจแห่งนั้น เว้นแต่เป็นผู้บริหารซึ่งเป็นกรรมการโดยตำแหน่ง และมีอายุไม่เกินห้าสิบแปดปีบริบูรณ์ในวันยื่นใบสมัคร
เมื่อได้ผู้ที่มีความเหมาะสมแล้ว ให้เสนอต่อผู้มีอำนาจพิจารณาแต่งตั้งเป็นผู้บริหารของรัฐวิสาหกิจนั้นต่อไป โดยอาจเสนอชื่อผู้มีความเหมาะสมมากกว่าหนึ่งชื่อก็ได้ ทั้งนี้ การจ้างและแต่งตั้งผู้บริหารของรัฐวิสาหกิจต้องดำเนินการให้แล้วเสร็จภายในหนึ่งปีนับแต่วันที่ผู้บริหารเดิมพ้นจากตำแหน่ง
การจ้างผู้บริหาร ให้มีระยะเวลาคราวละไม่เกินสี่ปีนับแต่วันที่สัญญาจ้างมีผลใช้บังคับ
ในการทำสัญญาจ้าง ให้ประธานกรรมการรัฐวิสาหกิจ หรือกรรมการที่ได้รับมอบหมายจากคณะกรรมการรัฐวิสาหกิจในกรณีที่ไม่มีประธานกรรมการรัฐวิสาหกิจ เป็นผู้ลงนามในสัญญาจ้าง และให้การจ้างตามสัญญาดังกล่าวไม่อยู่ในบังคับแห่งกฎหมายว่าด้วยการคุ้มครองแรงงาน กฎหมายว่าด้วยแรงงานสัมพันธ์ กฎหมายว่าด้วยแรงงานรัฐวิสาหกิจสัมพันธ์ กฎหมายว่าด้วยประกันสังคม และกฎหมายว่าด้วยเงินทดแทน
สัญญาจ้างตามวรรคห้า อย่างน้อยต้องมีข้อกำหนดเกี่ยวกับการดำรงตำแหน่ง เงื่อนไขการทำงาน การพ้นจากตำแหน่ง เงื่อนไขการเลิกสัญญาจ้าง การประเมินผลการทำงานและค่าจ้างหรือผลประโยชน์อื่นของผู้บริหาร
การกำหนดค่าจ้างหรือผลประโยชน์อื่น รวมทั้งเงื่อนไขการจ้างผู้บริหารให้เป็นไปตามที่คณะกรรมการของรัฐวิสาหกิจกำหนด โดยความเห็นชอบของกระทรวงการคลัง
ในกรณีที่คณะกรรมการของรัฐวิสาหกิจจะจ้างผู้บริหารเดิมต่อหลังจากครบกำหนดเวลาตามสัญญาจ้างเพราะเห็นว่าผู้บริหารเดิมมีผลการทำงานดีมีประสิทธิภาพและการจ้างผู้บริหารเดิมจะก่อให้เกิดประโยชน์อย่างยิ่งแก่รัฐวิสาหกิจ ให้เสนอต่อผู้มีอำนาจพิจารณาแต่งตั้งเป็นผู้บริหารของรัฐวิสาหกิจนั้นได้โดยไม่ต้องดำเนินกระบวนการสรรหาตามวรรคหนึ่ง วรรคสอง และวรรคสาม แต่จะจ้างเกินสองคราวติดต่อกันไม่ได้",labor,,,,,labor,"rule-based classify_category(law_title, context); provisional",1,requires human verification
ป0003-1D-0002-430,ป0003-1D-0002,ประมวลกฎหมายแพ่งและพาณิชย์,430,"ประมวลกฎหมายแพ่งและพาณิชย์ มาตรา 430
ครูบาอาจารย์ นายจ้าง หรือบุคคลอื่นซึ่งรับดูแลบุคคลผู้ไร้ความสามารถอยู่เป็นนิตย์ก็ดี ชั่วครั้งคราวก็ดี จำต้องรับผิดร่วมกับผู้ไร้ความสามารถในการละเมิด ซึ่งเขาได้กระทำลงในระหว่างที่อยู่ในความดูแลของตน ถ้าหากพิสูจน์ได้ว่าบุคคลนั้น ๆ มิได้ใช้ความระมัดระวังตามสมควร",labor,,,,,labor,"rule-based classify_category(law_title, context); provisional",1,requires human verification
ป0003-1D-0002-272,ป0003-1D-0002,ประมวลกฎหมายแพ่งและพาณิชย์,272,"ประมวลกฎหมายแพ่งและพาณิชย์ มาตรา 272
บุริมสิทธิในมูลค่าแรงงานเพื่อกสิกรรมและอุตสาหกรรมนั้น ในส่วนบุคคลที่ได้ทำการงานกสิกรรม ใช้สำหรับเอาค่าจ้างนับถอยหลังขึ้นไปปีหนึ่ง และในส่วนบุคคลที่ได้ทำการงานอุตสาหกรรม ใช้สำหรับเอาค่าจ้างนับถอยหลังขึ้นไปสามเดือน และเป็นบุริมสิทธิมีอยู่เหนือดอกผลหรือสิ่งของที่ประดิษฐ์ขึ้นอันเกิดแต่แรงงานของบุคคลนั้น ๆ",labor,,,,,labor,"rule-based classify_category(law_title, context); provisional",1,requires human verification
ก0070-1B-0003-6,ก0070-1B-0003,พระราชบัญญัติกองทุนสำรองเลี้ยงชีพ พ.ศ. 2530,6,"พระราชบัญญัติกองทุนสำรองเลี้ยงชีพ พ.ศ. 2530 มาตรา 6 เมื่อลูกจ้างและนายจ้างตกลงกันจัดตั้งกองทุนขึ้นตามมาตรา 5 แล้ว ให้ยื่นคำขอจดทะเบียนต่อนายทะเบียนตามหลักเกณฑ์และวิธีการที่กำหนดในกฎกระทรวง
เงินทุนสำรองเลี้ยงชีพลูกจ้างที่ได้จัดตั้งขึ้นก่อนวันที่พระราชบัญญัตินี้ใช้บังคับ ถ้าประสงค์จะให้เป็นกองทุนตามพระราชบัญญัตินี้ ให้ดำเนินการตามวรรคหนึ่ง",labor,,,,,labor,"rule-based classify_category(law_title, context); provisional",1,requires human verification
ก0070-1B-0003-25,ก0070-1B-0003,พระราชบัญญัติกองทุนสำรองเลี้ยงชีพ พ.ศ. 2530,25,"พระราชบัญญัติกองทุนสำรองเลี้ยงชีพ พ.ศ. 2530 มาตรา 25 กองทุนย่อมเลิก เมื่อ
(1) นายจ้างเลิกกิจการ
(2) ที่ประชุมใหญ่มีมติให้เลิก
(3) มีกรณีที่ข้อบังคับของกองทุนกำหนดให้เลิก หรือ
(4) นายทะเบียนสั่งให้เลิกกองทุนตามมาตรา 27
ในกรณีที่กองทุนจัดตั้งขึ้นโดยมีนายจ้างมากกว่าหนึ่งราย การที่นายจ้างบางรายเลิกกิจการหรือถอนตัวจากกองทุนไม่เป็นเหตุให้กองทุนต้องเลิก เว้นแต่ข้อบังคับของกองทุนกำหนดให้เลิก
เมื่อมีกรณีตามวรรคสองเกิดขึ้น ให้คณะกรรมการกองทุนแจ้งให้นายทะเบียนทราบภายในเจ็ดวัน นับแต่วันที่นายจ้างบางรายเลิกกิจการหรือถอนตัว และจัดให้มีการชำระบัญชีกองทุนเฉพาะส่วนทรัพย์สินของนายจ้างและลูกจ้างของนายจ้างนั้นตามวิธีการที่กำหนดในข้อบังคับของกองทุน เมื่อได้ชำระบัญชีแล้วให้แจ้งให้นายทะเบียนทราบภายในเจ็ดวันนับแต่วันเสร็จการชำระบัญชี",labor,,,,,labor,"rule-based classify_category(law_title, context); provisional",1,requires human verification
ป0008-1D-0001-40_2,ป0008-1D-0001,ประมวลรัษฎากร,40 ทวิ,"ประมวลรัษฎากร มาตรา 40 ทวิ ผู้ใดส่งสินค้าออกไปต่างประเทศให้แก่หรือตามคำสั่งของสำนักงานใหญ่ สาขา ตัวการ ตัวแทน นายจ้างหรือลูกจ้างให้ถือว่าการที่ได้ส่งสินค้าไปนั้นเป็นการขายในประเทศไทยด้วย และให้ถือราคาสินค้าตามราคาตลาดในวันที่ส่งไป เป็นเงินได้พึงประเมินในปีที่ส่งไปนั้น
ความในวรรคก่อนมิให้ใช้บังคับในกรณีที่สินค้านั้น
(1) เป็นของที่ส่งไปเป็นตัวอย่างหรือเพื่อการวิจัยโดยเฉพาะ
(2) เป็นของผ่านแดน
(3) เป็นของที่นำเข้ามาในราชอาณาจักร แล้วส่งกลับออกไปให้ผู้ส่งเข้ามาภายในหนึ่งปีนับแต่วันที่สินค้านั้นเข้ามาในราชอาณาจักร
(4) เป็นของที่ส่งออกไปนอกราชอาณาจักร แล้วส่งกลับคืนเข้ามาให้ผู้ส่งในราชอาณาจักรภายในหนึ่งปีนับแต่วันที่ส่งสินค้าออกไปนอกราชอาณาจักร",labor,,,,,labor,"rule-based classify_category(law_title, context); provisional",1,requires human verification
ร0043-1B-0001-44,ร0043-1B-0001,พระราชบัญญัติแรงงานรัฐวิสาหกิจสัมพันธ์ พ.ศ. 2543,44,"พระราชบัญญัติแรงงานรัฐวิสาหกิจสัมพันธ์ พ.ศ. 2543 มาตรา 44 ข้อบังคับของสหภาพแรงงาน ต้องมีข้อความดังต่อไปนี้
(1) ชื่อ ซึ่งต้องมีคำว่า “สหภาพแรงงานรัฐวิสาหกิจ” กำกับไว้หน้าชื่อนั้นด้วย
(2) วัตถุประสงค์
(3) ที่ตั้งสำนักงาน
(4) วิธีรับสมาชิกและการขาดจากสมาชิกภาพ
(5) อัตราเงินค่าสมัครและค่าบำรุงและวิธีการชำระเงิน
(6) ข้อกำหนดเกี่ยวกับสิทธิและหน้าที่ของสมาชิก
(7) ข้อกำหนดเกี่ยวกับคณะกรรมการ ได้แก่ จำนวนกรรมการ การเลือกตั้งกรรมการ วาระของการเป็นกรรมการ การพ้นจากตำแหน่งของกรรมการ และการประชุมของคณะกรรมการ
(8) ข้อกำหนดเกี่ยวกับการประชุมใหญ่
(9) ข้อกำหนดเกี่ยวกับการบริหารสหภาพแรงงาน
(10) ข้อกำหนดเกี่ยวกับการใช้จ่าย การเก็บรักษาเงินและทรัพย์สินอื่น ตลอดจนการทำบัญชีและการตรวจบัญชี
ข้อบังคับตามวรรคหนึ่ง ต้องมีสาระที่สามารถเอื้ออำนวยให้การดำเนินงานของสหภาพแรงงานเป็นไปโดยเกิดความเป็นธรรม และรักษาประโยชน์ของสมาชิกและลูกจ้างในรัฐวิสาหกิจ และต้องไม่มีสาระเป็นการกีดกันการเข้าเป็นสมาชิกหรือต้องขาดจากสมาชิกภาพโดยไม่มีเหตุอันควร",labor,,,,,labor,"rule-based classify_category(law_title, context); provisional",1,requires human verification
ป0003-1D-0002-575,ป0003-1D-0002,ประมวลกฎหมายแพ่งและพาณิชย์,575,"ประมวลกฎหมายแพ่งและพาณิชย์ มาตรา 575
อันว่าจ้างแรงงานนั้น คือสัญญาซึ่งบุคคลคนหนึ่ง เรียกว่าลูกจ้าง ตกลงจะทำงานให้แก่บุคคลอีกคนหนึ่ง เรียกว่านายจ้าง และนายจ้างตกลงจะให้สินจ้างตลอดเวลาที่ทำงานให้",labor,,,,,labor,"rule-based classify_category(law_title, context); provisional",1,requires human verification
ก0123-1B-0001-144,ก0123-1B-0001,พระราชบัญญัติการประกอบกิจการพลังงาน พ.ศ. 2550,144,พระราชบัญญัติการประกอบกิจการพลังงาน พ.ศ. 2550 มาตรา 144 เพื่อให้การปฏิบัติงานของสำนักงานดำเนินการไปได้อย่างมีประสิทธิภาพรัฐมนตรีโดยอนุมัติของคณะรัฐมนตรีอาจกำหนดให้ส่วนราชการ ราชการส่วนท้องถิ่นหรือหน่วยงานอื่นของรัฐ สนับสนุนข้าราชการ พนักงาน หรือลูกจ้างมาช่วยปฏิบัติงานในสำนักงานไปพลางก่อนเป็นการชั่วคราว โดยให้ได้รับเงินเดือนทางสังกัดเดิม แต่อยู่ในบังคับบัญชาของเลขาธิการ,labor,,,,,labor,"rule-based classify_category(law_title, context); provisional",1,requires human verification
ร0043-1B-0001-66,ร0043-1B-0001,พระราชบัญญัติแรงงานรัฐวิสาหกิจสัมพันธ์ พ.ศ. 2543,66,"พระราชบัญญัติแรงงานรัฐวิสาหกิจสัมพันธ์ พ.ศ. 2543 มาตรา 66 นายทะเบียนมีคำสั่งให้เลิกสหภาพแรงงานได้ในกรณี ดังต่อไปนี้
(1) เมื่อนายทะเบียนตรวจสอบและพบภายหลังว่า การรับจดทะเบียนและออกใบสำคัญแสดงการจดทะเบียนสหภาพแรงงานแก่ผู้ยื่นคำขอจดทะเบียนนั้นไม่เป็นไปตามมาตรา 45 หรือมาตรา 46
(2) เมื่อปรากฏว่าการดำเนินการของสหภาพแรงงานขัดต่อวัตถุประสงค์ ขัดต่อกฎหมาย หรือเป็นภัยต่อเศรษฐกิจ หรือความมั่นคงของประเทศ หรือขัดต่อความสงบเรียบร้อยหรือศีลธรรมอันดีของประชาชน
(3) เมื่อนายทะเบียนมีคำสั่งให้เลือกตั้งกรรมการขึ้นใหม่ทั้งคณะ และไม่ดำเนินการเลือกตั้งภายในระยะเวลาที่นายทะเบียนกำหนด หรือภายในระยะเวลาที่นายทะเบียนขยายระยะเวลาให้จนสิ้นระยะเวลาดังกล่าว
(4) เมื่อสหภาพแรงงานไม่ดำเนินกิจการติดต่อกันเป็นเวลาเกินสองปี หรือ
(5) เมื่อมีจำนวนสมาชิกเหลือน้อยกว่าร้อยละยี่สิบห้าของลูกจ้างทั้งหมดแต่ไม่รวมถึงลูกจ้างซึ่งเป็นฝ่ายบริหารหรือทำงานอันมีลักษณะเป็นครั้งคราว เป็นการจร เป็นไปตามฤดูกาล หรือเป็นงานตามโครงการ
เมื่อนายทะเบียนมีคำสั่งให้เลิกสหภาพแรงงานใด ให้แจ้งคำสั่งเป็นหนังสือให้สหภาพแรงงานนั้นทราบโดยมิชักช้า",labor,,,,,labor,"rule-based classify_category(law_title, context); provisional",1,requires human verification
ป0003-1D-0002-1317,ป0003-1D-0002,ประมวลกฎหมายแพ่งและพาณิชย์,1317,"ประมวลกฎหมายแพ่งและพาณิชย์ มาตรา 1317
บุคคลใดใช้สัมภาระของบุคคลอื่นทำสิ่งใดขึ้นใหม่ไซร้ ท่านว่าเจ้าของสัมภาระเป็นเจ้าของสิ่งนั้นโดยมิต้องคำนึงว่าสัมภาระนั้นจะกลับคืนตามเดิมได้หรือไม่ แต่ต้องใช้ค่าแรงงาน
แต่ถ้าค่าแรงงานเกินกว่าค่าสัมภาระที่ใช้นั้นมากไซร้ ท่านว่าผู้ทำเป็นเจ้าของทรัพย์ที่ทำขึ้น แต่ต้องใช้ค่าสัมภาระ",labor,,,,,labor,"rule-based classify_category(law_title, context); provisional",1,requires human verification
ป0003-1D-0002-1695,ป0003-1D-0002,ประมวลกฎหมายแพ่งและพาณิชย์,1695,"ประมวลกฎหมายแพ่งและพาณิชย์ มาตรา 1695
ถ้าพินัยกรรมได้ทำเป็นต้นฉบับแต่ฉบับเดียว ผู้ทำพินัยกรรมอาจเพิกถอนพินัยกรรมนั้นทั้งหมดหรือบางส่วนได้ โดยทำลายหรือขีดฆ่าเสียด้วยความตั้งใจ
ถ้าพินัยกรรมได้ทำเป็นต้นฉบับหลายฉบับ การเพิกถอนนั้นไม่บริบูรณ์ เว้นแต่จะได้กระทำแก่ต้นฉบับเหล่านั้นทุกฉบับ",murder,,,,,murder,"rule-based classify_category(law_title, context); provisional",1,requires human verification
ป0003-1D-0002-895,ป0003-1D-0002,ประมวลกฎหมายแพ่งและพาณิชย์,895,"ประมวลกฎหมายแพ่งและพาณิชย์ มาตรา 895
เมื่อใดจะต้องใช้จำนวนเงินในเหตุมรณะของบุคคลคนหนึ่งคนใด ท่านว่าผู้รับประกันภัยจำต้องใช้เงินนั้นในเมื่อมรณภัยอันนั้นเกิดขึ้น เว้นแต่
(1) บุคคลผู้นั้นได้กระทำอัตวินิบาตด้วยใจสมัครภายในปีหนึ่งนับแต่วันทำสัญญาหรือ
(2) บุคคลผู้นั้นถูกผู้รับประโยชน์ฆ่าตายโดยเจตนา
ในกรณีที่ 2 นี้ ท่านว่าผู้รับประกันภัยจำต้องใช้เงินค่าไถ่ถอนกรมธรรม์ให้แก่ผู้เอาประกันภัย หรือให้แก่ทายาทของผู้นั้น",murder,,,,,murder,"rule-based classify_category(law_title, context); provisional",1,requires human verification
ป0003-1D-0002-934,ป0003-1D-0002,ประมวลกฎหมายแพ่งและพาณิชย์,934,"ประมวลกฎหมายแพ่งและพาณิชย์ มาตรา 934
ถ้าผู้จ่ายเขียนคำรับรองลงในตั๋วแลกเงินแล้ว แต่หากกลับขีดฆ่าเสียก่อนตั๋วเงินนั้นหลุดพ้นไปจากมือตนไซร้ ท่านให้ถือเป็นอันว่าได้บอกปัดไม่รับรอง แต่ถ้าผู้จ่ายได้แจ้งความเป็นหนังสือไปยังผู้ทรง หรือคู่สัญญาฝ่ายอื่นซึ่งได้ลงนามในตั๋วเงินว่าตนรับรองตั๋วเงินนั้นก่อนแล้ว จึงมาขีดฆ่าคำรับรองต่อภายหลังไซร้ ท่านว่าผู้จ่ายก็คงต้องผูกพันอยู่ตามเนื้อความที่ตนได้เขียนรับรองนั้นเอง",murder,,,,,murder,"rule-based classify_category(law_title, context); provisional",1,requires human verification
ป0003-1D-0002-326,ป0003-1D-0002,ประมวลกฎหมายแพ่งและพาณิชย์,326,"ประมวลกฎหมายแพ่งและพาณิชย์ มาตรา 326
บุคคลผู้ชำระหนี้ชอบที่จะได้รับใบเสร็จเป็นสำคัญจากผู้รับชำระหนี้นั้น และถ้าหนี้นั้นได้ชำระสิ้นเชิงแล้ว ผู้ชำระหนี้ชอบที่จะได้รับเวนคืนเอกสารอันเป็นหลักฐานแห่งหนี้ หรือให้ขีดฆ่าเอกสารนั้นเสีย ถ้าและเอกสารนั้นสูญหาย บุคคลผู้ชำระหนี้ชอบที่จะให้จดแจ้งความข้อระงับหนี้ลงไว้ในใบเสร็จหรือในเอกสารอีกฉบับหนึ่งต่างหากก็ได้
ถ้าหนี้นั้นได้ชำระแต่บางส่วนก็ดี หรือถ้าเอกสารนั้นยังให้สิทธิอย่างอื่นใดแก่เจ้าหนี้อยู่ก็ดี ท่านว่าลูกหนี้ชอบแต่ที่จะได้รับใบเสร็จไว้เป็นคู่มือ และให้จดแจ้งการชำระหนี้นั้นลงไว้ในเอกสาร",murder,,,,,murder,"rule-based classify_category(law_title, context); provisional",1,requires human verification
ป0008-1D-0001-109,ป0008-1D-0001,ประมวลรัษฎากร,109,ประมวลรัษฎากร มาตรา 109 สัญญาใดเป็นตราสาร ซึ่งเกิดขึ้นโดยมีหนังสือโต้ตอบกันและมิได้ปิดแสตมป์บริบูรณ์ ถ้าพิสูจน์ได้ว่า หนังสือฉบับหนึ่งฉบับใดที่จำเป็นในการทำให้เกิดสัญญานั้นขึ้น ได้ปิดแสตมป์ครบจำนวนอากรและขีดฆ่าแสตมป์แล้ว ให้ถือว่าสัญญานั้นได้ปิดแสตมป์บริบูรณ์แล้ว,murder,,,,,murder,"rule-based classify_category(law_title, context); provisional",1,requires human verification
ป0003-1D-0002-905,ป0003-1D-0002,ประมวลกฎหมายแพ่งและพาณิชย์,905,"ประมวลกฎหมายแพ่งและพาณิชย์ มาตรา 905
ภายในบังคับแห่งบทบัญญัติมาตรา 1008 บุคคลผู้ได้ตั๋วเงินไว้ในครอบครอง ถ้าแสดงให้ปรากฏสิทธิด้วยการสลักหลังไม่ขาดสาย แม้ถึงว่าการสลักหลังรายที่สุดจะเป็นสลักหลังลอยก็ตาม ท่านให้ถือว่าเป็นผู้ทรงโดยชอบด้วยกฎหมาย เมื่อใดรายการสลักหลังลอยมีสลักหลังรายอื่นตามหลังไปอีก ท่านให้ถือว่าบุคคลผู้ที่ลงลายมือชื่อในการสลักหลังรายที่สุดนั้น เป็นผู้ได้ไปซึ่งตั๋วเงินด้วยการสลักหลังลอย อนึ่ง คำสลักหลังเมื่อขีดฆ่าเสียแล้ว ท่านให้ถือเสมือนว่ามิได้มีเลย
ถ้าบุคคลผู้หนึ่งผู้ใดต้องปราศจากตั๋วเงินไปจากครอบครอง ท่านว่าผู้ทรงซึ่งแสดงให้ปรากฏสิทธิของตนในตั๋วตามวิธีการดังกล่าวมาในวรรคก่อนนั้น หาจำต้องสละตั๋วเงินไม่ เว้นแต่จะได้มาโดยทุจริต หรือได้มาด้วยความประมาทเลินเล่ออย่างร้ายแรง
อนึ่ง ข้อความในวรรคก่อนนี้ ให้ใช้บังคับตลอดถึงผู้ทรงตั๋วเงินสั่งจ่ายให้แก่ผู้ถือด้วย",murder,,,,,murder,"rule-based classify_category(law_title, context); provisional",1,requires human verification
ป0008-1D-0001-126,ป0008-1D-0001,ประมวลรัษฎากร,126,ประมวลรัษฎากร มาตรา 126 ผู้ใดจงใจลงวันเดือนปีที่ขีดฆ่าแสตมป์เป็นเท็จ ต้องระวางโทษปรับไม่เกินห้าร้อยบาท หรือจำคุกไม่เกินสามเดือน หรือทั้งปรับทั้งจำ,murder,,,,,murder,"rule-based classify_category(law_title, context); provisional",1,requires human verification
ป0003-1D-0002-970,ป0003-1D-0002,ประมวลกฎหมายแพ่งและพาณิชย์,970,"ประมวลกฎหมายแพ่งและพาณิชย์ มาตรา 970
คู่สัญญาทุกฝ่ายซึ่งต้องรับผิดและถูกไล่เบี้ย หรืออยู่ในฐานะจะถูกไล่เบี้ยได้นั้น อาจจะใช้เงินแล้วเรียกให้เขาสละตั๋วเงินให้แก่ตนได้ รวมทั้งคำคัดค้านและบัญชีรับเงินด้วย
ผู้สลักหลังทุกคนซึ่งเข้าถือเอาและใช้เงินตามตั๋วแลกเงินแล้ว จะขีดฆ่าคำสลักหลังของตนเองและของเหล่าผู้สลักหลังภายหลังตนนั้นเสียก็ได้",murder,,,,,murder,"rule-based classify_category(law_title, context); provisional",1,requires human verification
ป0003-1D-0002-17,ป0003-1D-0002,ประมวลกฎหมายแพ่งและพาณิชย์,17,"ประมวลกฎหมายแพ่งและพาณิชย์ มาตรา 17
ในกรณีบุคคลหลายคนตายในเหตุภยันตรายร่วมกัน ถ้าเป็นการพ้นวิสัยที่จะกำหนดได้ว่าคนไหนตายก่อนหลัง ให้ถือว่าตายพร้อมกัน",murder,,,,,other,"rule-based classify_category(law_title, context); provisional",0,requires human verification
ป0008-1D-0001-107,ป0008-1D-0001,ประมวลรัษฎากร,107,"ประมวลรัษฎากร มาตรา 107 เว้นแต่ที่บัญญัติในมาตรา 111 ถ้าไม่มีข้อตกลงเป็นอย่างอื่นผู้มีหน้าที่เสียอากรและผู้มีหน้าที่ขีดฆ่า ให้เป็นไปตามบัญชีท้ายหมวดนี้
ถ้าผู้มีหน้าที่ขีดฆ่าเขียนหนังสือไม่เป็น จะให้ผู้อื่นเขียนวันเดือนปีแทนก็ได้
ถ้าผู้มีหน้าที่ขีดฆ่าไม่ยอมขีดฆ่า หรือไม่มีตัวอยู่ที่จะทำการขีดฆ่าได้ ให้ผู้ทรงตราสารหรือผู้ถือเอาประโยชน์ขีดฆ่าแทนได้",murder,,,,,murder,"rule-based classify_category(law_title, context); provisional",1,requires human verification
ป0008-1D-0001-124,ป0008-1D-0001,ประมวลรัษฎากร,124,ประมวลรัษฎากร มาตรา 124 ผู้ใดมีหน้าที่เสียอากร หรือขีดฆ่าแสตมป์ เพิกเฉยหรือปฏิเสธไม่เสียอากร หรือไม่ขีดฆ่าแสตมป์ ต้องระวางโทษปรับไม่เกินห้าร้อยบาท,murder,,,,,murder,"rule-based classify_category(law_title, context); provisional",1,requires human verification
ป0003-1D-0002-532,ป0003-1D-0002,ประมวลกฎหมายแพ่งและพาณิชย์,532,"ประมวลกฎหมายแพ่งและพาณิชย์ มาตรา 532
ทายาทของผู้ให้อาจเรียกให้ถอนคืนการให้ได้แต่เฉพาะในเหตุที่ผู้รับได้ฆ่าผู้ให้ตายโดยเจตนาและไม่ชอบด้วยกฎหมาย หรือได้กีดกันผู้ให้ไว้มิให้ถอนคืนการให้
แต่ว่าผู้ให้ได้ฟ้องคดีไว้แล้วอย่างใดโดยชอบ ทายาทของผู้ให้จะว่าคดีอันนั้นต่อไปก็ได้",murder,,,,,murder,"rule-based classify_category(law_title, context); provisional",1,requires human verification
ป0003-1D-0002-340,ป0003-1D-0002,ประมวลกฎหมายแพ่งและพาณิชย์,340,"ประมวลกฎหมายแพ่งและพาณิชย์ มาตรา 340
ถ้าเจ้าหนี้แสดงเจตนาต่อลูกหนี้ว่าจะปลดหนี้ให้ ท่านว่าหนี้นั้นก็เป็นอันระงับสิ้นไป
ถ้าหนี้มีหนังสือเป็นหลักฐาน การปลดหนี้ก็ต้องทำเป็นหนังสือด้วย หรือต้องเวนคืนเอกสารอันเป็นหลักฐานแห่งหนี้ให้แก่ลูกหนี้ หรือขีดฆ่าเอกสารนั้นเสีย",murder,,,,,murder,"rule-based classify_category(law_title, context); provisional",1,requires human verification
ป0003-1D-0002-166,ป0003-1D-0002,ประมวลกฎหมายแพ่งและพาณิชย์,166,"ประมวลกฎหมายแพ่งและพาณิชย์ มาตรา 166
การข่มขู่ย่อมทำให้การแสดงเจตนาเป็นโมฆียะแม้บุคคลภายนอกจะเป็นผู้ข่มขู่",other,,,,,other,"rule-based classify_category(law_title, context); provisional",1,requires human verification
ป0003-1D-0002-78,ป0003-1D-0002,ประมวลกฎหมายแพ่งและพาณิชย์,78,"ประมวลกฎหมายแพ่งและพาณิชย์ มาตรา 78
การก่อตั้งสมาคมเพื่อกระทำการใด ๆ อันมีลักษณะต่อเนื่องร่วมกันและมิใช่เป็นการหาผลกำไรหรือรายได้มาแบ่งปันกัน ต้องมีข้อบังคับและจดทะเบียนตามบทบัญญัติแห่งประมวลกฎหมายนี้",other,,,,,other,"rule-based classify_category(law_title, context); provisional",1,requires human verification
ก0123-1B-0001-99,ก0123-1B-0001,พระราชบัญญัติการประกอบกิจการพลังงาน พ.ศ. 2550,99,"พระราชบัญญัติการประกอบกิจการพลังงาน พ.ศ. 2550 มาตรา 99 ให้คณะกรรมการผู้ใช้พลังงานประจำเขตมีอำนาจหน้าที่ดังต่อไปนี้
(1) ดำเนินการเกี่ยวกับเรื่องร้องเรียนของผู้ใช้พลังงานและให้คำแนะนำแก่ผู้ใช้พลังงานตามที่คณะกรรมการกำหนด
(2) ให้คำปรึกษาแก่คณะกรรมการในด้านการคุ้มครองผู้ใช้พลังงาน
(3) เสนอมาตรการแก้ไขและปรับปรุงการให้บริการพลังงาน
(4) ประสานงานกับผู้ประกอบกิจการพลังงานเพื่อให้ได้มาซึ่งข้อมูลเกี่ยวกับการร้องเรียนของผู้ใช้พลังงานเพื่อปรับปรุงคุณภาพบริการและแก้ไขเรื่องร้องเรียน
(5) ปฏิบัติการอื่นใดตามที่คณะกรรมการกำหนด",other,,,,,other,"rule-based classify_category(law_title, context); provisional",1,requires human verification
ป0003-1D-0002-1693,ป0003-1D-0002,ประมวลกฎหมายแพ่งและพาณิชย์,1693,"ประมวลกฎหมายแพ่งและพาณิชย์ มาตรา 1693
ผู้ทำพินัยกรรมจะเพิกถอนพินัยกรรมของตนเสียทั้งหมด หรือแต่บางส่วนในเวลาใดก็ได้",other,,,,,other,"rule-based classify_category(law_title, context); provisional",1,requires human verification
ป0003-1D-0002-1011,ป0003-1D-0002,ประมวลกฎหมายแพ่งและพาณิชย์,1011,"ประมวลกฎหมายแพ่งและพาณิชย์ มาตรา 1011
ถ้าตั๋วเงินหายไปแต่ก่อนเวลาล่วงเลยกำหนดใช้เงิน ท่านว่าบุคคลซึ่งได้เป็นผู้ทรงตั๋วเงินนั้นจะร้องขอไปยังผู้สั่งจ่ายให้ ๆ ตั๋วเงินเป็นเนื้อความเดียวกันแก่ตนใหม่อีกฉบับหนึ่งก็ได้ และในการนี้ถ้าเขาประสงค์ก็วางประกันให้ไว้แก่ผู้สั่งจ่าย เพื่อไว้ทดแทนที่เขาหากจะต้องเสียหายแก่ผู้หนึ่งผู้ใดในกรณีที่ตั๋วเงินซึ่งว่าหายนั้นจะกลับหาได้
อนึ่ง ผู้สั่งจ่ายรับคำขอร้องดังว่ามานั้นแล้ว หากบอกปัดไม่ยอมให้ตั๋วเงินคู่ฉบับเช่นนั้น อาจจะถูกบังคับให้ออกให้ก็ได้",other,,,,,other,"rule-based classify_category(law_title, context); provisional",1,requires human verification
ก0164-1B-0001-124,ก0164-1B-0001,พระราชบัญญัติการจัดซื้อจัดจ้างและการบริหารพัสดุภาครัฐ พ.ศ. 2560,124,"พระราชบัญญัติการจัดซื้อจัดจ้างและการบริหารพัสดุภาครัฐ พ.ศ. 2560 มาตรา 124 ในกรณีที่คณะกรรมการนโยบายยังมิได้ออกประกาศตามความในมาตรา 7 วรรคสอง หรือคณะกรรมการนโยบายได้ออกประกาศตามความในมาตรา 7 วรรคสอง แล้ว แต่หน่วยงานของรัฐยังมิได้ออกกฎหรือระเบียบตามความในมาตรา 7 วรรคสี่ การจัดซื้อจัดจ้างตามมาตรา 7 (1) (2) และ (3) ให้เป็นไปตามระเบียบสำนักนายกรัฐมนตรี ว่าด้วยการพัสดุ พ.ศ. 2535 และระเบียบสำนักนายกรัฐมนตรี ว่าด้วยการพัสดุด้วยวิธีการทางอิเล็กทรอนิกส์ พ.ศ. 2549 และบรรดาระเบียบ ข้อบังคับ ประกาศ ข้อบัญญัติ หรือข้อกำหนดใด ๆ เกี่ยวกับพัสดุ การจัดซื้อจัดจ้าง หรือการบริหารพัสดุของหน่วยงานของรัฐอื่นที่ไม่อยู่ภายใต้บังคับของระเบียบสำนักนายกรัฐมนตรี ว่าด้วยการพัสดุ พ.ศ. 2535 หรือระเบียบสำนักนายกรัฐมนตรี ว่าด้วยการพัสดุด้วยวิธีการทางอิเล็กทรอนิกส์ พ.ศ. 2549 แล้วแต่กรณี รวมทั้งมติคณะรัฐมนตรีที่เกี่ยวกับพัสดุ การจัดซื้อจัดจ้าง หรือการบริหารพัสดุของหน่วยงานของรัฐ จนกว่าจะมีประกาศที่ออกตามความในมาตรา 7 วรรคสอง หรือกฎหรือระเบียบที่ออกตามความในมาตรา 7 วรรคสี่ แล้วแต่กรณี ใช้บังคับ
ในกรณีที่คณะกรรมการนโยบายได้ออกประกาศตามความในมาตรา 7 วรรคสอง แล้ว แต่หน่วยงานของรัฐใดยังมิได้ออกกฎหรือระเบียบตามความในมาตรา 7 วรรคสี่ หากหน่วยงานของรัฐนั้นมิได้ออกกฎหรือระเบียบตามความในมาตรา 7 วรรคสี่ ภายในหนึ่งร้อยแปดสิบวันนับแต่วันที่ประกาศของคณะกรรมการนโยบายที่ออกตามความในมาตรา 7 วรรคสอง ใช้บังคับ การจัดซื้อจัดจ้างตามมาตรา 7 (1) (2) หรือ (3) แล้วแต่กรณี ของหน่วยงานของรัฐนั้นให้ดำเนินการตามพระราชบัญญัตินี้",other,,,,,other,"rule-based classify_category(law_title, context); provisional",1,requires human verification
ป0003-1D-0002-608,ป0003-1D-0002,ประมวลกฎหมายแพ่งและพาณิชย์,608,"ประมวลกฎหมายแพ่งและพาณิชย์ มาตรา 608
อันว่าผู้ขนส่งภายในความหมายแห่งกฎหมายลักษณะนี้ คือบุคคลผู้รับขนส่งของหรือคนโดยสารเพื่อบำเหน็จเป็นทางค้าปกติของตน",other,,,,,other,"rule-based classify_category(law_title, context); provisional",1,requires human verification
ป0003-1D-0002-875,ป0003-1D-0002,ประมวลกฎหมายแพ่งและพาณิชย์,875,"ประมวลกฎหมายแพ่งและพาณิชย์ มาตรา 875
ถ้าวัตถุอันได้เอาประกันภัยไว้นั้น เปลี่ยนมือไปจากผู้เอาประกันภัยโดยพินัยกรรมก็ดี หรือโดยบัญญัติกฎหมายก็ดี ท่านว่าสิทธิอันมีอยู่ในสัญญาประกันภัยก็ย่อมโอนตามไปด้วย
ถ้าในสัญญามิได้กำหนดไว้เป็นอย่างอื่น เมื่อผู้เอาประกันภัยโอนวัตถุที่เอาประกันภัยและบอกกล่าวการโอนไปยังผู้รับประกันภัยไซร้ ท่านว่าสิทธิอันมีอยู่ในสัญญาประกันภัยนั้นย่อมโอนตามไปด้วย อนึ่ง ถ้าในการโอนเช่นนี้ช่องแห่งภัยเปลี่ยนแปลงไปหรือเพิ่มขึ้นหนักไซร้ ท่านว่าสัญญาประกันภัยนั้นกลายเป็นโมฆะ",other,,,,,other,"rule-based classify_category(law_title, context); provisional",1,requires human verification
ส0022-1B-0001-31,ส0022-1B-0001,พระราชบัญญัติสมาคมการค้า พ.ศ. 2509,31,พระราชบัญญัติสมาคมการค้า พ.ศ. 2509 มาตรา 31 ผู้ใดประสงค์จะขอตรวจหรือคัดเอกสาร หรือขอให้คัดและรับรองสำเนาเอกสารเกี่ยวกับสมาคมการค้า ให้ยื่นคำขอตามแบบที่นายทะเบียนกลางสมาคมการค้ากำหนด,other,,,,,other,"rule-based classify_category(law_title, context); provisional",1,requires human verification
ว0033-1B-0001-29,ว0033-1B-0001,พระราชบัญญัติวิธีการงบประมาณ พ.ศ. 2561,29,"พระราชบัญญัติวิธีการงบประมาณ พ.ศ. 2561 มาตรา 29 การขอตั้งงบประมาณรายจ่ายเพื่อสนับสนุนองค์กรปกครองส่วนท้องถิ่นเป็นเงินอุดหนุนสำหรับการดำเนินการโดยทั่วไปหรือสำหรับการดำเนินการในเรื่องใดเรื่องหนึ่งเป็นการเฉพาะ ให้องค์กรปกครองส่วนท้องถิ่นยื่นคำขอตั้งงบประมาณรายจ่ายต่อรัฐมนตรีว่าการกระทรวงมหาดไทยเพื่อเสนอต่อผู้อำนวยการ ทั้งนี้ ตามหลักเกณฑ์ วิธีการ และระยะเวลาที่ผู้อำนวยการกำหนด
การจัดสรรงบประมาณเป็นเงินอุดหนุนสำหรับการดำเนินการโดยทั่วไปขององค์กรปกครองส่วนท้องถิ่น ให้สำนักงบประมาณพิจารณาจัดสรรงบประมาณให้สอดคล้องกับกฎหมายว่าด้วยการกำหนดแผนและขั้นตอนการกระจายอำนาจให้แก่องค์กรปกครองส่วนท้องถิ่น",other,,,,,other,"rule-based classify_category(law_title, context); provisional",1,requires human verification
ส0022-1B-0001-8,ส0022-1B-0001,พระราชบัญญัติสมาคมการค้า พ.ศ. 2509,8,"พระราชบัญญัติสมาคมการค้า พ.ศ. 2509 มาตรา 8 ห้ามมิให้ผู้ใดจัดตั้งสมาคมการค้า เว้นแต่จะได้รับอนุญาตจากนายทะเบียน
การตั้งสาขาสมาคมการค้าจะกระทำมิได้",other,,,,,other,"rule-based classify_category(law_title, context); provisional",1,requires human verification
ป0003-1D-0002-224,ป0003-1D-0002,ประมวลกฎหมายแพ่งและพาณิชย์,224,"ประมวลกฎหมายแพ่งและพาณิชย์ มาตรา 224
หนี้เงินนั้น ท่านให้คิดดอกเบี้ยในระหว่างเวลาผิดนัดร้อยละเจ็ดกึ่งต่อปี ถ้าเจ้าหนี้อาจจะเรียกดอกเบี้ยได้สูงกว่านั้นโดยอาศัยเหตุอย่างอื่นอันชอบด้วยกฎหมาย ก็ให้คงส่งดอกเบี้ยต่อไปตามนั้น
ท่านห้ามมิให้คิดดอกเบี้ยซ้อนดอกเบี้ยในระหว่างผิดนัด
การพิสูจน์ค่าเสียหายอย่างอื่นนอกกว่านั้น ท่านอนุญาตให้พิสูจน์ได้",other,,,,,other,"rule-based classify_category(law_title, context); provisional",1,requires human verification
ห0060-1B-0001-15,ห0060-1B-0001,พระราชบัญญัติหลักประกันทางธุรกิจ พ.ศ. 2558,15,พระราชบัญญัติหลักประกันทางธุรกิจ พ.ศ. 2558 มาตรา 15 ให้อธิบดีกรมพัฒนาธุรกิจการค้าเป็นเจ้าพนักงานทะเบียนตามพระราชบัญญัตินี้,other,,,,,other,"rule-based classify_category(law_title, context); provisional",1,requires human verification
ห0060-1B-0001-14,ห0060-1B-0001,พระราชบัญญัติหลักประกันทางธุรกิจ พ.ศ. 2558,14,"พระราชบัญญัติหลักประกันทางธุรกิจ พ.ศ. 2558 มาตรา 14 ให้จัดตั้งสำนักงานทะเบียนหลักประกันทางธุรกิจขึ้นในกรมพัฒนาธุรกิจการค้า
สำนักงานทะเบียนหลักประกันทางธุรกิจมีหน้าที่รับจดทะเบียน แก้ไขรายการจดทะเบียนและยกเลิกการจดทะเบียนสัญญาหลักประกันทางธุรกิจตามพระราชบัญญัตินี้ และจัดให้มีข้อมูลเกี่ยวกับการจดทะเบียนและข้อมูลเกี่ยวกับผู้รับใบอนุญาตเพื่อให้ประชาชนเข้าตรวจดูได้
การจดทะเบียน การแก้ไขรายการจดทะเบียน และการยกเลิกการจดทะเบียนสัญญาหลักประกันทางธุรกิจ รวมถึงการให้ประชาชนตรวจดูข้อมูลเกี่ยวกับการจดทะเบียนและข้อมูลเกี่ยวกับผู้รับใบอนุญาตให้เป็นไปตามหลักเกณฑ์และวิธีการที่อธิบดีกรมพัฒนาธุรกิจการค้ากำหนดโดยประกาศในราชกิจจานุเบกษา",other,,,,,other,"rule-based classify_category(law_title, context); provisional",1,requires human verification
ก0070-1B-0003-26,ก0070-1B-0003,พระราชบัญญัติกองทุนสำรองเลี้ยงชีพ พ.ศ. 2530,26,พระราชบัญญัติกองทุนสำรองเลี้ยงชีพ พ.ศ. 2530 มาตรา 26 เมื่อกองทุนเลิกตามมาตรา 25 (1) (2) หรือ (3) ให้คณะกรรมการกองทุนแจ้งให้นายทะเบียนทราบภายในเจ็ดวันนับแต่วันที่กองทุนเลิกและให้คณะกรรมการกองทุนจัดให้มีการชำระบัญชีภายในสามสิบวัน และให้แล้วเสร็จภายในหนึ่งร้อยห้าสิบวันนับแต่วันที่กองทุนเลิก เว้นแต่กรณีจำเป็นนายทะเบียนจะอนุมัติให้ขยายเวลาออกไปได้ตามที่เห็นสมควร,other,,,,,other,"rule-based classify_category(law_title, context); provisional",1,requires human verification
ป0003-1D-0002-793,ป0003-1D-0002,ประมวลกฎหมายแพ่งและพาณิชย์,793,"ประมวลกฎหมายแพ่งและพาณิชย์ มาตรา 793
ถ้าจำนวนเงินสุทธิที่ขายทอดตลาดได้ไม่พอชำระหนี้แก่ผู้ทรงประทวนสินค้าไซร้ นายคลังสินค้าต้องคืนประทวนสินค้าแก่เขา กับจดบอกจำนวนเงินที่ได้ชำระลงไว้ในประทวนสินค้านั้น แล้วจดลงไว้ในสมุดบัญชีของตนด้วย",other,,,,,other,"rule-based classify_category(law_title, context); provisional",1,requires human verification
ป0003-1D-0002-93,ป0003-1D-0002,ประมวลกฎหมายแพ่งและพาณิชย์,93,"ประมวลกฎหมายแพ่งและพาณิชย์ มาตรา 93
คณะกรรมการของสมาคมต้องจัดให้มีการประชุมใหญ่สามัญอย่างน้อยปีละครั้ง",other,,,,,other,"rule-based classify_category(law_title, context); provisional",1,requires human verification
ป0003-1D-0002-953,ป0003-1D-0002,ประมวลกฎหมายแพ่งและพาณิชย์,953,"ประมวลกฎหมายแพ่งและพาณิชย์ มาตรา 953
ผู้รับรองด้วยสอดเข้าแก้หน้าย่อมต้องรับผิดต่อผู้ทรงตั๋วเงินนั้น และรับผิดต่อผู้สลักหลังทั้งหลายภายหลังคู่สัญญาฝ่ายซึ่งตนเข้าแก้หน้าอย่างเดียวกันกับที่คู่สัญญาฝ่ายนั้นต้องรับผิดอยู่เอง
(2) การใช้เงินเพื่อแก้หน้า",other,,,,,other,"rule-based classify_category(law_title, context); provisional",1,requires human verification
ป0003-1D-0002-1368,ป0003-1D-0002,ประมวลกฎหมายแพ่งและพาณิชย์,1368,"ประมวลกฎหมายแพ่งและพาณิชย์ มาตรา 1368
บุคคลอาจได้มาซึ่งสิทธิครอบครองโดยผู้อื่นยึดถือไว้ให้",other,,,,,other,"rule-based classify_category(law_title, context); provisional",1,requires human verification
ป0003-1D-0002-799,ป0003-1D-0002,ประมวลกฎหมายแพ่งและพาณิชย์,799,"ประมวลกฎหมายแพ่งและพาณิชย์ มาตรา 799
ตัวการคนใดใช้บุคคลผู้ไร้ความสามารถเป็นตัวแทน ท่านว่าตัวการคนนั้นย่อมต้องผูกพันในกิจการที่ตัวแทนกระทำ",other,,,,,other,"rule-based classify_category(law_title, context); provisional",1,requires human verification
ป0008-1D-0001-9,ป0008-1D-0001,ประมวลรัษฎากร,9,ประมวลรัษฎากร มาตรา 9 เว้นแต่จะมีบัญญัติไว้เป็นอย่างอื่นถ้าจำเป็นต้องคำนวนเงินตราต่างประเทศเป็นเงินตราไทยเพื่อปฏิบัติการตามลักษณะนี้ให้คิดตามอัตราแลกเปลี่ยนซึ่งกระทรวงการคลังประกาศเป็นคราว ๆ,other,,,,,other,"rule-based classify_category(law_title, context); provisional",1,requires human verification
ก0164-1B-0001-106,ก0164-1B-0001,พระราชบัญญัติการจัดซื้อจัดจ้างและการบริหารพัสดุภาครัฐ พ.ศ. 2560,106,"พระราชบัญญัติการจัดซื้อจัดจ้างและการบริหารพัสดุภาครัฐ พ.ศ. 2560 มาตรา 106 เพื่อประโยชน์ของหน่วยงานของรัฐ ในการพิจารณาคัดเลือกผู้ยื่นข้อเสนอที่จะเข้ามาเป็นคู่สัญญากับหน่วยงานของรัฐให้เป็นไปอย่างมีประสิทธิภาพ ให้หน่วยงานของรัฐประเมินผลการปฏิบัติงานของผู้ประกอบการที่เข้าร่วมการจัดซื้อจัดจ้างกับหน่วยงานของรัฐ
การประเมินผลการปฏิบัติงานตามวรรคหนึ่ง ให้พิจารณาถึงความสามารถในการปฏิบัติงานให้แล้วเสร็จตามสัญญาของคู่สัญญาเป็นสำคัญ
ผู้ประกอบการรายใดที่มีผลการประเมินไม่ผ่านเกณฑ์ที่กำหนด จะถูกระงับการยื่นข้อเสนอหรือทำสัญญากับหน่วยงานของรัฐไว้ชั่วคราว จนกว่าจะมีผลการปฏิบัติงานเป็นไปตามเกณฑ์ที่กำหนด
หลักเกณฑ์และวิธีการประเมินผลการปฏิบัติงานของผู้ประกอบการตามวรรคหนึ่ง วรรคสอง และวรรคสาม ให้เป็นไปตามระเบียบที่รัฐมนตรีกำหนด",other,,,,,other,"rule-based classify_category(law_title, context); provisional",1,requires human verification
ก0164-1B-0001-74,ก0164-1B-0001,พระราชบัญญัติการจัดซื้อจัดจ้างและการบริหารพัสดุภาครัฐ พ.ศ. 2560,74,"พระราชบัญญัติการจัดซื้อจัดจ้างและการบริหารพัสดุภาครัฐ พ.ศ. 2560 มาตรา 74 ในการดำเนินงานจ้างที่ปรึกษาแต่ละครั้ง ให้ผู้มีอำนาจแต่งตั้งคณะกรรมการดำเนินงานจ้างที่ปรึกษา เพื่อรับผิดชอบในการดำเนินงานจ้างที่ปรึกษานั้น
องค์ประกอบ องค์ประชุม และหน้าที่ของคณะกรรมการดำเนินงานจ้างที่ปรึกษา ให้เป็นไปตามระเบียบที่รัฐมนตรีกำหนด
ค่าตอบแทนคณะกรรมการดำเนินงานจ้างที่ปรึกษาตามวรรคหนึ่ง ให้เป็นไปตามที่กระทรวงการคลังกำหนด",other,,,,,other,"rule-based classify_category(law_title, context); provisional",1,requires human verification
ป0003-1D-0002-239,ป0003-1D-0002,ประมวลกฎหมายแพ่งและพาณิชย์,239,"ประมวลกฎหมายแพ่งและพาณิชย์ มาตรา 239
การเพิกถอนนั้นย่อมได้เป็นประโยชน์แก่เจ้าหนี้หมดทุกคน",other,,,,,other,"rule-based classify_category(law_title, context); provisional",1,requires human verification
ก0028-1B-0001-21,ก0028-1B-0001,พระราชบัญญัติการส่งเสริมการอนุรักษ์พลังงาน พ.ศ. 2535,21,"พระราชบัญญัติการส่งเสริมการอนุรักษ์พลังงาน พ.ศ. 2535 มาตรา 21 เพื่อประโยชน์ในการอนุรักษ์พลังงานในอาคารควบคุม ให้รัฐมนตรีโดยคำแนะนำของคณะกรรมการนโยบายพลังงานแห่งชาติ มีอำนาจออกกฎกระทรวงในเรื่องดังต่อไปนี้
(1) กำหนดมาตรฐาน หลักเกณฑ์ และวิธีการจัดการพลังงานให้เจ้าของอาคารควบคุมต้องปฏิบัติ
(2) กำหนดให้เจ้าของอาคารควบคุมต้องจัดให้มีผู้รับผิดชอบด้านพลังงานประจำในอาคารควบคุมแต่ละแห่ง ตลอดจนกำหนดคุณสมบัติและหน้าที่ของผู้รับผิดชอบด้านพลังงาน
ให้นำมาตรา 9 วรรคสองและมาตรา 10 มาใช้บังคับโดยอนุโลม",other,,,,,other,"rule-based classify_category(law_title, context); provisional",1,requires human verification
ก0123-1B-0001-120,ก0123-1B-0001,พระราชบัญญัติการประกอบกิจการพลังงาน พ.ศ. 2550,120,"พระราชบัญญัติการประกอบกิจการพลังงาน พ.ศ. 2550 มาตรา 120 เมื่อเกิดข้อพิพาทขึ้นระหว่างผู้ใช้พลังงานและผู้รับใบอนุญาต หรือผู้รับใบอนุญาตด้วยกัน ให้พิจารณาวินิจฉัยข้อพิพาทหรือยุติข้อโต้แย้งด้วยวิธีการ ดังต่อไปนี้
(1) กรณีที่เป็นข้อพิพาทระหว่างผู้ใช้พลังงานกับผู้รับใบอนุญาต ให้ดำเนินการระงับข้อพิพาทตามมาตรา 100
(2) กรณีที่เป็นข้อพิพาทระหว่างผู้รับใบอนุญาตด้วยกัน ให้ดำเนินการระงับข้อพิพาทตามระเบียบที่คณะกรรมการประกาศกำหนด",other,,,,,other,"rule-based classify_category(law_title, context); provisional",1,requires human verification
ท0002-1B-0001-13,ท0002-1B-0001,พระราชบัญญัติทะเบียนพาณิชย์ พ.ศ. 2499,13,พระราชบัญญัติทะเบียนพาณิชย์ พ.ศ. 2499 มาตรา 13 การเปลี่ยนแปลงรายการใด ๆ ตามที่ระบุไว้ในมาตรา 12 ก็ดี การเลิกประกอบพาณิชยกิจโดยเหตุใด ๆ ก็ดี ให้ยื่นคำขอจดทะเบียน ณ สำนักงานทะเบียนพาณิชย์แห่งท้องที่ตามแบบที่กำหนดในกฎกระทรวงภายในสามสิบวันนับแต่วันเปลี่ยนแปลงหรือเลิก,other,,,,,other,"rule-based classify_category(law_title, context); provisional",1,requires human verification
ก0070-1B-0003-12_3,ก0070-1B-0003,พระราชบัญญัติกองทุนสำรองเลี้ยงชีพ พ.ศ. 2530,12 ตรี,"พระราชบัญญัติกองทุนสำรองเลี้ยงชีพ พ.ศ. 2530 มาตรา 12 ตรี ให้นายทะเบียนจัดทำรายงานเกี่ยวกับการกำกับดูแลการจัดการกองทุนเสนอต่อรัฐมนตรีอย่างน้อยปีละสองครั้ง
เพื่อประโยชน์ในการกำกับดูแลและควบคุมให้เป็นไปตามบทบัญญัติแห่งพระราชบัญญัตินี้ รัฐมนตรีอาจสั่งให้นายทะเบียนรายงานผลการดำเนินงานหรือชี้แจงข้อเท็จจริงในเรื่องหนึ่งเรื่องใดเพิ่มเติมก็ได้",other,,,,,other,"rule-based classify_category(law_title, context); provisional",1,requires human verification
ป0003-1D-0002-941,ป0003-1D-0002,ประมวลกฎหมายแพ่งและพาณิชย์,941,"ประมวลกฎหมายแพ่งและพาณิชย์ มาตรา 941
อันตั๋วแลกเงินนั้น ย่อมจะพึงใช้เงินในวันถึงกำหนด และถึงกำหนดวันใดผู้ทรงต้องนำตั๋วเงินไปยื่นเพื่อให้ใช้เงินในวันนั้น",other,,,,,other,"rule-based classify_category(law_title, context); provisional",1,requires human verification
ป0003-1D-0002-957,ป0003-1D-0002,ประมวลกฎหมายแพ่งและพาณิชย์,957,"ประมวลกฎหมายแพ่งและพาณิชย์ มาตรา 957
การใช้เงินเพื่อแก้หน้าต้องทำให้เป็นหลักฐานด้วยใบรับเขียนลงในตั๋วแลกเงิน ระบุความว่าได้ใช้เงินเพื่อบุคคลผู้ใด ถ้ามิได้ระบุตัวไว้ดังนั้น ท่านให้ถือว่าการใช้เงินนั้นได้ทำไปเพื่อผู้สั่งจ่าย
ตั๋วแลกเงินกับทั้งคำคัดค้านหากว่าได้ทำคัดค้าน ต้องส่งให้แก่บุคคลผู้ใช้เงินเพื่อแก้หน้า",other,,,,,other,"rule-based classify_category(law_title, context); provisional",1,requires human verification
ป0043-1A-0001-41,ป0043-1A-0001,พระราชบัญญัติประกอบรัฐธรรมนูญว่าด้วยการป้องกันและปราบปรามการทุจริต พ.ศ. 2561,41,"พระราชบัญญัติประกอบรัฐธรรมนูญว่าด้วยการป้องกันและปราบปรามการทุจริต พ.ศ. 2561 มาตรา 41 ในกรณีที่คณะกรรมการ ป.ป.ช. กรรมการ กรรมการไต่สวน หัวหน้าพนักงานไต่สวน พนักงานไต่สวน และพนักงานเจ้าหน้าที่ ผู้ใดถูกดำเนินคดีไม่ว่าเป็นคดีแพ่ง คดีอาญา หรือคดีปกครอง และไม่ว่าจะถูกฟ้องในขณะดำรงตำแหน่งหรือเมื่อพ้นจากตำแหน่งแล้ว ถ้าการถูกดำเนินคดีดังกล่าวเป็นเพราะเหตุที่ได้มีมติ คำสั่ง หรือปฏิบัติหน้าที่ ให้สำนักงานมีอำนาจให้ความช่วยเหลือในการต่อสู้คดีแก่บุคคลดังกล่าว โดยคณะกรรมการ ป.ป.ช. อาจมอบหมายให้พนักงานเจ้าหน้าที่แก้ต่างก็ได้ หรือในกรณีที่พนักงานอัยการมิใช่เป็นผู้ฟ้อง อาจขอให้พนักงานอัยการเข้าแก้ต่างให้แก่บุคคลเหล่านั้นก็ได้ การให้ความช่วยเหลือดังกล่าวให้รวมถึงค่าฤชาธรรมเนียมและค่าทนายความด้วย ทั้งนี้ ตามหลักเกณฑ์ วิธีการ และเงื่อนไขที่คณะกรรมการ ป.ป.ช. กำหนด
ในการปฏิบัติหน้าที่และการใช้ดุลพินิจของคณะกรรมการ ป.ป.ช. กรรมการ กรรมการไต่สวน หัวหน้าพนักงานไต่สวน พนักงานไต่สวน และพนักงานเจ้าหน้าที่ในการมีความเห็น มติ คำสั่ง ในการตรวจสอบ สอบสวน ไต่สวน หรือไต่สวนเบื้องต้นตามพระราชบัญญัติประกอบรัฐธรรมนูญนี้ ซึ่งได้แสดงเหตุผลอันสมควรประกอบแล้ว และได้กระทำไปโดยสุจริต ย่อมได้รับความคุ้มครอง",procedure,,,,,procedure,"rule-based classify_category(law_title, context); provisional",1,requires human verification
ป0003-1D-0002-1593,ป0003-1D-0002,ประมวลกฎหมายแพ่งและพาณิชย์,1593,"ประมวลกฎหมายแพ่งและพาณิชย์ มาตรา 1593
ให้ผู้ปกครองยื่นสำเนาบัญชีทรัพย์สินที่ตนรับรองว่าถูกต้องต่อศาลฉบับหนึ่งภายในสิบวันนับแต่วันที่ได้ทำบัญชีทรัพย์สินแล้ว และศาลจะสั่งให้ผู้ปกครองชี้แจงเพิ่มเติมหรือให้นำเอกสารมาประกอบเพื่อแสดงให้เห็นว่าบัญชีนั้นถูกต้องแล้วก็ได้
ถ้าศาลมิได้มีคำสั่งเป็นอย่างอื่นภายในสิบห้าวันนับแต่วันยื่นบัญชี หรือวันชี้แจงเพิ่มเติม หรือวันนำเอกสารยื่นประกอบ แล้วแต่กรณี ให้ถือว่าศาลยอมรับบัญชีนั้นแล้ว",procedure,,,,,procedure,"rule-based classify_category(law_title, context); provisional",1,requires human verification
ก0123-1B-0001-119,ก0123-1B-0001,พระราชบัญญัติการประกอบกิจการพลังงาน พ.ศ. 2550,119,พระราชบัญญัติการประกอบกิจการพลังงาน พ.ศ. 2550 มาตรา 119 เว้นแต่ในสัญญาจะมีข้อกำหนดว่าด้วยการระงับข้อพิพาทหรือการอุทธรณ์เป็นอย่างอื่น การดำเนินการระงับข้อพิพาทหรือการอุทธรณ์ให้เป็นไปตามบทบัญญัติในหมวดนี้,procedure,,,,,procedure,"rule-based classify_category(law_title, context); provisional",1,requires human verification
ป0003-1D-0002-1595,ป0003-1D-0002,ประมวลกฎหมายแพ่งและพาณิชย์,1595,"ประมวลกฎหมายแพ่งและพาณิชย์ มาตรา 1595
ก่อนที่ศาลยอมรับบัญชีนั้น ห้ามมิให้ผู้ปกครองทำกิจการใด เว้นแต่เป็นการเร่งร้อนและจำเป็น แต่จะยกข้อห้ามดังกล่าวขึ้นเป็นข้อต่อสู้บุคคลภายนอกผู้กระทำการโดยสุจริตและเสียค่าตอบแทนไม่ได้",procedure,,,,,procedure,"rule-based classify_category(law_title, context); provisional",1,requires human verification
ป0003-1D-0002-9,ป0003-1D-0002,ประมวลกฎหมายแพ่งและพาณิชย์,9,"ประมวลกฎหมายแพ่งและพาณิชย์ มาตรา 9
เมื่อมีกิจการอันใดซึ่งกฎหมายบังคับให้ทำเป็นหนังสือ บุคคลผู้จะต้องทำหนังสือไม่จำเป็นต้องเขียนเอง แต่หนังสือนั้นต้องลงลายมือชื่อของบุคคลนั้น
ลายพิมพ์นิ้วมือ แกงได ตราประทับ หรือเครื่องหมายอื่นทำนองเช่นว่านั้นที่ทำลงในเอกสารแทนการลงลายมือชื่อ หากมีพยานลงลายมือชื่อรับรองไว้ด้วยสองคนแล้วให้ถือเสมอกับลงลายมือชื่อ
ความในวรรคสองไม่ใช้บังคับแก่การลงลายพิมพ์นิ้วมือ แกงได ตราประทับ หรือเครื่องหมายอื่นทำนองเช่นว่านั้น ซึ่งทำลงในเอกสารที่ทำต่อหน้าพนักงานเจ้าหน้าที่",procedure,,,,,procedure,"rule-based classify_category(law_title, context); provisional",1,requires human verification
ห0060-1B-0001-72,ห0060-1B-0001,พระราชบัญญัติหลักประกันทางธุรกิจ พ.ศ. 2558,72,"พระราชบัญญัติหลักประกันทางธุรกิจ พ.ศ. 2558 มาตรา 72 ภายในเจ็ดวันเมื่อได้รับคำวินิจฉัยบังคับหลักประกัน ผู้ให้หลักประกันต้องส่งมอบกิจการที่เป็นหลักประกัน ดวงตรา สมุดบัญชี และเอกสารเกี่ยวกับทรัพย์สิน หนี้สินตลอดจนสิทธิต่าง ๆ ที่เกี่ยวข้องกับการประกอบกิจการที่เป็นหลักประกันให้แก่ผู้บังคับหลักประกัน เว้นแต่จะพิสูจน์ได้ว่าตนไม่สามารถดำเนินการดังกล่าวได้เพราะเหตุสุดวิสัย ในกรณีดังกล่าวผู้ให้หลักประกันต้องแจ้งเหตุนั้นให้ผู้บังคับหลักประกันทราบภายในเจ็ดวันนับแต่วันที่ทราบเหตุดังกล่าว และต้องดำเนินการดังกล่าวภายในระยะเวลาที่ผู้บังคับหลักประกันกำหนด
หากผู้ให้หลักประกันไม่ดำเนินการตามวรรคหนึ่ง ผู้บังคับหลักประกันอาจยื่นคำร้องต่อศาลเพื่อยึดหรืออายัดกิจการที่เป็นหลักประกันและส่งมอบให้แก่ผู้บังคับหลักประกัน เมื่อศาลมีคำสั่งดังกล่าวให้เจ้าพนักงานบังคับคดีดำเนินการยึดหรืออายัดกิจการที่เป็นหลักประกันเพื่อส่งมอบให้แก่ผู้บังคับหลักประกันตามคำสั่งศาล เพื่อประโยชน์แห่งการนี้ ให้เจ้าพนักงานบังคับคดีมีอำนาจและหน้าที่เช่นเดียวกับผู้บังคับหลักประกันในการจัดการกิจการที่เป็นหลักประกันของผู้ให้หลักประกันเป็นการชั่วคราวในระหว่างที่ยังมิได้ส่งมอบกิจการนั้นให้แก่ผู้บังคับหลักประกัน",procedure,,,,,procedure,"rule-based classify_category(law_title, context); provisional",1,requires human verification
ป0003-1D-0002-383,ป0003-1D-0002,ประมวลกฎหมายแพ่งและพาณิชย์,383,"ประมวลกฎหมายแพ่งและพาณิชย์ มาตรา 383
ถ้าเบี้ยปรับที่ริบนั้นสูงเกินส่วน ศาลจะลดลงเป็นจำนวนพอสมควรก็ได้ ในการที่จะวินิจฉัยว่าสมควรเพียงใดนั้น ท่านให้พิเคราะห์ถึงทางได้เสียของเจ้าหนี้ทุกอย่างอันชอบด้วยกฎหมาย ไม่ใช่แต่เพียงทางได้เสียในเชิงทรัพย์สิน เมื่อได้ใช้เงินตามเบี้ยปรับแล้ว สิทธิเรียกร้องขอลดก็เป็นอันขาดไป
นอกจากกรณีที่กล่าวไว้ในมาตรา 379 และ 382 ท่านให้ใช้วิธีเดียวกันนี้บังคับ ในเมื่อบุคคลสัญญาว่าจะให้เบี้ยปรับเมื่อตนกระทำหรืองดเว้นกระทำการอันหนึ่งอันใดนั้นด้วย",procedure,,,,,property,"rule-based classify_category(law_title, context); provisional",0,requires human verification
ว0008-1B-0001-3,ว0008-1B-0001,พระราชบัญญัติว่าด้วยการจัดตั้งองค์การของรัฐบาล พ.ศ. 2496,3,พระราชบัญญัติว่าด้วยการจัดตั้งองค์การของรัฐบาล พ.ศ. 2496 มาตรา 3 เมื่อรัฐบาลเห็นเป็นการสมควรจะจัดตั้งองค์การเพื่อดำเนินกิจการอันเป็นสาธารณประโยชน์ หรือเพื่อประโยชน์ในการเศรษฐกิจ หรือช่วยเหลือในการครองชีพ หรืออำนวยบริการแก่ประชาชน โดยใช้เงินทุนจากงบประมาณแผ่นดินก็ให้กระทำได้โดยตราเป็นพระราชกฤษฎีกา,procedure,,,,,procedure,"rule-based classify_category(law_title, context); provisional",1,requires human verification
ก0164-1B-0001-66,ก0164-1B-0001,พระราชบัญญัติการจัดซื้อจัดจ้างและการบริหารพัสดุภาครัฐ พ.ศ. 2560,66,"พระราชบัญญัติการจัดซื้อจัดจ้างและการบริหารพัสดุภาครัฐ พ.ศ. 2560 มาตรา 66 ให้หน่วยงานของรัฐประกาศผลผู้ชนะการจัดซื้อจัดจ้างหรือผู้ได้รับการคัดเลือกและเหตุผลสนับสนุนในระบบเครือข่ายสารสนเทศของกรมบัญชีกลางและของหน่วยงานของรัฐตามวิธีการที่กรมบัญชีกลางกำหนด และให้ปิดประกาศโดยเปิดเผย ณ สถานที่ปิดประกาศของหน่วยงานของรัฐนั้น
การลงนามในสัญญาจัดซื้อจัดจ้างจะกระทำได้ต่อเมื่อล่วงพ้นระยะเวลาอุทธรณ์และไม่มีผู้ใดอุทธรณ์ตามมาตรา 117 หรือในกรณีที่มีการอุทธรณ์ เมื่อหน่วยงานของรัฐได้รับแจ้งจากคณะกรรมการพิจารณาอุทธรณ์ให้ทำการจัดซื้อจัดจ้างต่อไปได้ เว้นแต่การจัดซื้อจัดจ้างที่มีความจำเป็นเร่งด่วนตามมาตรา 56 (1) (ค) หรือการจัดซื้อจัดจ้างโดยวิธีเฉพาะเจาะจง หรือการจัดซื้อจัดจ้างที่มีวงเงินเล็กน้อยตามที่กำหนดในกฎกระทรวงที่ออกตามมาตรา 96 วรรคสอง",procedure,,,,,procedure,"rule-based classify_category(law_title, context); provisional",1,requires human verification
ก0164-1B-0001-127,ก0164-1B-0001,พระราชบัญญัติการจัดซื้อจัดจ้างและการบริหารพัสดุภาครัฐ พ.ศ. 2560,127,"พระราชบัญญัติการจัดซื้อจัดจ้างและการบริหารพัสดุภาครัฐ พ.ศ. 2560 มาตรา 127 ให้คณะกรรมการว่าด้วยการพัสดุตามระเบียบสำนักนายกรัฐมนตรี ว่าด้วยการพัสดุ พ.ศ. 2535 และคณะกรรมการว่าด้วยการพัสดุด้วยวิธีการทางอิเล็กทรอนิกส์ ตามระเบียบสำนักนายกรัฐมนตรี ว่าด้วยการพัสดุด้วยวิธีการทางอิเล็กทรอนิกส์ พ.ศ. 2549 รวมทั้งคณะกรรมการตามระเบียบ ข้อบังคับ ประกาศ ข้อบัญญัติ หรือข้อกำหนดใด ๆ ของหน่วยงานของรัฐอื่นที่ไม่อยู่ภายใต้บังคับของระเบียบสำนักนายกรัฐมนตรี ว่าด้วยการพัสดุ พ.ศ. 2535 หรือระเบียบสำนักนายกรัฐมนตรี ว่าด้วยการพัสดุด้วยวิธีการทางอิเล็กทรอนิกส์ พ.ศ. 2549 แล้วแต่กรณี ยังคงปฏิบัติหน้าที่ต่อไปจนกว่าคณะกรรมการนโยบาย คณะกรรมการวินิจฉัย หรือคณะกรรมการพิจารณาอุทธรณ์ แล้วแต่กรณี ตามพระราชบัญญัตินี้เข้ารับหน้าที่
ในกรณีที่คณะกรรมการวินิจฉัยตามพระราชบัญญัตินี้เข้ารับหน้าที่แล้ว แต่ยังไม่มีกฎกระทรวง ระเบียบ หรือประกาศที่ออกตามความในพระราชบัญญัตินี้ใช้บังคับ ให้หน้าที่ในการตีความและวินิจฉัยปัญหาเกี่ยวกับการปฏิบัติตามระเบียบสำนักนายกรัฐมนตรี ว่าด้วยการพัสดุ พ.ศ. 2535 และระเบียบสำนักนายกรัฐมนตรี ว่าด้วยการพัสดุด้วยวิธีการทางอิเล็กทรอนิกส์ พ.ศ. 2549 และบรรดาระเบียบ ข้อบังคับ ประกาศ ข้อบัญญัติ และข้อกำหนดใด ๆ เกี่ยวกับพัสดุ การจัดซื้อจัดจ้าง หรือการบริหารพัสดุของหน่วยงานของรัฐอื่นที่ไม่อยู่ภายใต้บังคับของระเบียบสำนักนายกรัฐมนตรี ว่าด้วยการพัสดุ พ.ศ. 2535 หรือระเบียบสำนักนายกรัฐมนตรี ว่าด้วยการพัสดุด้วยวิธีการทางอิเล็กทรอนิกส์ พ.ศ. 2549 ยังคงเป็นของคณะกรรมการว่าด้วยการพัสดุและคณะกรรมการว่าด้วยการพัสดุด้วยวิธีการทางอิเล็กทรอนิกส์ รวมทั้งคณะกรรมการตามระเบียบ ข้อบังคับ ประกาศ ข้อบัญญัติ หรือข้อกำหนดใด ๆ ของหน่วยงานของรัฐนั้น เว้นแต่หน้าที่ในการตีความและวินิจฉัยปัญหาว่าบรรดาระเบียบ ข้อบังคับ ประกาศ หรือข้อกำหนดดังกล่าว ขัดหรือแย้งกับพระราชบัญญัตินี้หรือเป็นไปตามแนวทางของพระราชบัญญัตินี้หรือไม่ ให้เป็นหน้าที่ของคณะกรรมการวินิจฉัยตามพระราชบัญญัตินี้
ให้นำความในวรรคสองมาใช้บังคับกับกรณีที่คณะกรรมการราคากลางและคณะกรรมการ ค.ป.ท. ตามพระราชบัญญัตินี้เข้ารับหน้าที่แล้ว แต่ยังมิได้ออกประกาศตามความในพระราชบัญญัตินี้โดยอนุโลม",procedure,,,,,procedure,"rule-based classify_category(law_title, context); provisional",1,requires human verification
ว0067-1B-0001-10,ว0067-1B-0001,พระราชบัญญัติวิชาชีพบัญชี พ.ศ. 2547,10,"พระราชบัญญัติวิชาชีพบัญชี พ.ศ. 2547 มาตรา 10 เมื่อมีพระราชกฤษฎีกาตามมาตรา 9 ใช้บังคับสำหรับวิชาชีพบัญชีด้านใด ห้ามมิให้ผู้ใดประกอบวิชาชีพบัญชีด้านนั้น เว้นแต่ได้รับใบอนุญาตหรือขึ้นทะเบียนกับสภาวิชาชีพบัญชี
การขอรับใบอนุญาต การอนุญาต การออกใบอนุญาต และการขึ้นทะเบียนผู้ประกอบวิชาชีพบัญชีตามวรรคหนึ่ง ให้เป็นไปตามแบบ หลักเกณฑ์ วิธีการ และเงื่อนไขที่กำหนดในข้อบังคับสภาวิชาชีพบัญชี
ในการขึ้นทะเบียนประกอบวิชาชีพบัญชี สภาวิชาชีพบัญชีจะกำหนดให้ผู้ขึ้นทะเบียนซึ่งมิได้เป็นสมาชิกต้องเสียค่าธรรมเนียมเป็นรายปีก็ได้ แต่จะกำหนดค่าธรรมเนียมดังกล่าวให้สูงกว่าค่าบำรุงสมาชิกและค่าธรรมเนียมใบอนุญาตที่เรียกเก็บจากสมาชิกสภาวิชาชีพบัญชีเป็นรายปีไม่ได้",procedure,,,,,procedure,"rule-based classify_category(law_title, context); provisional",1,requires human verification
ป0003-1D-0002-444,ป0003-1D-0002,ประมวลกฎหมายแพ่งและพาณิชย์,444,"ประมวลกฎหมายแพ่งและพาณิชย์ มาตรา 444
ในกรณีทำให้เสียหายแก่ร่างกายหรืออนามัยนั้น ผู้ต้องเสียหายชอบที่จะได้ชดใช้ค่าใช้จ่ายอันตนต้องเสียไป และค่าเสียหายเพื่อการที่เสียความสามารถประกอบการงานสิ้นเชิงหรือแต่บางส่วน ทั้งในเวลาปัจจุบันนั้นและในเวลาอนาคตด้วย
ถ้าในเวลาที่พิพากษาคดี เป็นพ้นวิสัยจะหยั่งรู้ได้แน่ว่าความเสียหายนั้นได้มีแท้จริงเพียงใด ศาลจะกล่าวในคำพิพากษาว่ายังสงวนไว้ซึ่งสิทธิที่จะแก้ไขคำพิพากษานั้นอีกภายในระยะเวลาไม่เกินสองปีก็ได้",procedure,,,,,procedure,"rule-based classify_category(law_title, context); provisional",1,requires human verification
ห0060-1B-0001-56,ห0060-1B-0001,พระราชบัญญัติหลักประกันทางธุรกิจ พ.ศ. 2558,56,"พระราชบัญญัติหลักประกันทางธุรกิจ พ.ศ. 2558 มาตรา 56 การขอรับใบอนุญาตเป็นผู้บังคับหลักประกันให้ยื่นคำขอต่อเจ้าพนักงานทะเบียนตามแบบที่รัฐมนตรีประกาศกำหนด
หากเจ้าพนักงานทะเบียนตรวจสอบแล้วเห็นว่าผู้ขอรับใบอนุญาตตามวรรคหนึ่งมีคุณสมบัติและไม่มีลักษณะต้องห้ามตามมาตรา 55 ให้เจ้าพนักงานทะเบียนออกใบอนุญาตเป็นผู้บังคับหลักประกันให้
ให้เจ้าพนักงานทะเบียนแจ้งให้ผู้ขอรับใบอนุญาตทราบถึงการอนุญาตหรือไม่อนุญาตตามวรรคสองภายในหกสิบวันนับแต่วันที่ได้รับคำขอตามวรรคหนึ่ง
ในกรณีที่เจ้าพนักงานทะเบียนไม่ออกใบอนุญาตเป็นผู้บังคับหลักประกัน ผู้ขอมีสิทธิอุทธรณ์ต่อรัฐมนตรีภายในสามสิบวันนับแต่วันที่ได้รับแจ้งการไม่อนุญาต โดยให้ผู้ขอยื่นอุทธรณ์ต่อเจ้าพนักงานทะเบียน
ให้รัฐมนตรีวินิจฉัยอุทธรณ์ให้แล้วเสร็จภายในหกสิบวันนับแต่วันที่ได้รับอุทธรณ์ และให้คำวินิจฉัยของรัฐมนตรีเป็นที่สุด",procedure,,,,,procedure,"rule-based classify_category(law_title, context); provisional",1,requires human verification
ป0003-1D-0002-125,ป0003-1D-0002,ประมวลกฎหมายแพ่งและพาณิชย์,125,"ประมวลกฎหมายแพ่งและพาณิชย์ มาตรา 125
การแต่งตั้งกรรมการของมูลนิธิขึ้นใหม่ทั้งชุดหรือการเปลี่ยนแปลงกรรมการของมูลนิธิ ให้กระทำตามข้อบังคับของมูลนิธิ และมูลนิธิต้องนำไปจดทะเบียนภายในสามสิบวันนับแต่วันที่มีการแต่งตั้งหรือเปลี่ยนแปลงกรรมการของมูลนิธิ
ถ้านายทะเบียนเห็นว่ากรรมการของมูลนิธิตามวรรคหนึ่งผู้ใด มีฐานะหรือความประพฤติไม่เหมาะสมในการดำเนินการตามวัตถุประสงค์ของมูลนิธิ นายทะเบียนจะไม่รับจดทะเบียนกรรมการของมูลนิธิผู้นั้นก็ได้ ในกรณีที่นายทะเบียนไม่รับจดทะเบียนกรรมการของมูลนิธิ นายทะเบียนต้องแจ้งเหตุผลที่ไม่รับจดทะเบียนให้มูลนิธิทราบภายในหกสิบวันนับแต่วันที่ยื่นคำขอจดทะเบียน และให้นำความในมาตรา 115 วรรคสี่และวรรคห้ามาใช้บังคับโดยอนุโลม
ในกรณีที่กรรมการของมูลนิธิพ้นจากตำแหน่งและไม่มีกรรมการของมูลนิธิเหลืออยู่ หรือกรรมการของมูลนิธิที่เหลืออยู่ไม่สามารถดำเนินการตามหน้าที่ได้ ถ้าข้อบังคับของมูลนิธิมิได้กำหนดการปฏิบัติหน้าที่ไว้เป็นอย่างอื่น ให้กรรมการของมูลนิธิที่พ้นจากตำแหน่งปฏิบัติหน้าที่กรรมการของมูลนิธิต่อไปจนกว่านายทะเบียนจะได้แจ้งการรับจดทะเบียนกรรมการของมูลนิธิที่ตั้งใหม่
กรรมการของมูลนิธิที่พ้นจากตำแหน่งเพราะถูกถอดถอนโดยคำสั่งศาลตามมาตรา 129 จะปฏิบัติหน้าที่ตามวรรคสามไม่ได้",procedure,,,,,procedure,"rule-based classify_category(law_title, context); provisional",1,requires human verification
ป0003-1D-0002-236,ป0003-1D-0002,ประมวลกฎหมายแพ่งและพาณิชย์,236,"ประมวลกฎหมายแพ่งและพาณิชย์ มาตรา 236
จำเลยมีข้อต่อสู้ลูกหนี้เดิมอยู่อย่างใด ๆ ท่านว่าจะยกขึ้นต่อสู้เจ้าหนี้ได้ทั้งนั้น เว้นแต่ข้อต่อสู้ซึ่งเกิดขึ้นเมื่อยื่นฟ้องแล้ว",procedure,,,,,procedure,"rule-based classify_category(law_title, context); provisional",1,requires human verification
ป0003-1D-0002-213,ป0003-1D-0002,ประมวลกฎหมายแพ่งและพาณิชย์,213,"ประมวลกฎหมายแพ่งและพาณิชย์ มาตรา 213
ถ้าลูกหนี้ละเลยเสียไม่ชำระหนี้ของตน เจ้าหนี้จะร้องขอต่อศาลให้สั่งบังคับชำระหนี้ก็ได้ เว้นแต่สภาพแห่งหนี้จะไม่เปิดช่องให้ทำเช่นนั้นได้
เมื่อสภาพแห่งหนี้ไม่เปิดช่องให้บังคับชำระหนี้ได้ ถ้าวัตถุแห่งหนี้เป็นอันให้กระทำการอันหนึ่งอันใด เจ้าหนี้จะร้องขอต่อศาลให้สั่งบังคับให้บุคคลภายนอกกระทำการอันนั้นโดยให้ลูกหนี้เสียค่าใช้จ่ายให้ก็ได้ แต่ถ้าวัตถุแห่งหนี้เป็นอันให้กระทำนิติกรรมอย่างใดอย่างหนึ่งไซร้ ศาลจะสั่งให้ถือเอาตามคำพิพากษาแทนการแสดงเจตนาของลูกหนี้ก็ได้
ส่วนหนี้ซึ่งมีวัตถุเป็นอันจะให้งดเว้นการอันใด เจ้าหนี้จะเรียกร้องให้รื้อถอนการที่ได้กระทำลงแล้วนั้นโดยให้ลูกหนี้เสียค่าใช้จ่าย และให้จัดการอันควรเพื่อกาลภายหน้าด้วยก็ได้
อนึ่งบทบัญญัติในวรรคทั้งหลายที่กล่าวมาก่อนนี้ หากระทบกระทั่งถึงสิทธิที่จะเรียกเอาค่าเสียหายไม่",procedure,,,,,procedure,"rule-based classify_category(law_title, context); provisional",1,requires human verification
ห0002-1B-0001-42,ห0002-1B-0001,พระราชบัญญัติหอการค้า พ.ศ. 2509,42,พระราชบัญญัติหอการค้า พ.ศ. 2509 มาตรา 42 ถ้าที่ประชุมใหญ่ของหอการค้าลงมติอันเป็นการฝ่าฝืนกฎหมาย หรือข้อบังคับของหอการค้า เมื่อสมาชิกคนหนึ่งคนใดหรือพนักงานเจ้าหน้าที่ร้องขอ ให้ศาลเพิกถอนมติของที่ประชุมใหญ่นั้นเสีย แต่ในกรณีที่สมาชิกร้องขอให้เพิกถอนให้กระทำภายในกำหนดสามสิบวันนับแต่วันที่ได้ลงมตินั้น,procedure,,,,,procedure,"rule-based classify_category(law_title, context); provisional",1,requires human verification
ป0003-1D-0002-36,ป0003-1D-0002,ประมวลกฎหมายแพ่งและพาณิชย์,36,"ประมวลกฎหมายแพ่งและพาณิชย์ มาตรา 36
ถ้าเหตุที่ศาลได้สั่งให้เป็นคนเสมือนไร้ความสามารถได้สิ้นสุดไปแล้ว ให้นำบทบัญญัติมาตรา 31 มาใช้บังคับโดยอนุโลม",procedure,,,,,procedure,"rule-based classify_category(law_title, context); provisional",1,requires human verification
ป0003-1D-0002-1212,ป0003-1D-0002,ประมวลกฎหมายแพ่งและพาณิชย์,1212,"ประมวลกฎหมายแพ่งและพาณิชย์ มาตรา 1212
ถ้ามิได้เลือกตั้งผู้สอบบัญชีโดยวิธีดังกล่าวมา เมื่อผู้ถือหุ้นไม่น้อยกว่าห้าคนร้องขอ ก็ให้ศาลตั้งผู้สอบบัญชีประจำปีนั้น และกำหนดสินจ้างให้ด้วย",procedure,,,,,company,"rule-based classify_category(law_title, context); provisional",0,requires human verification
ป0003-1D-0002-64,ป0003-1D-0002,ประมวลกฎหมายแพ่งและพาณิชย์,64,"ประมวลกฎหมายแพ่งและพาณิชย์ มาตรา 64
คำสั่งศาลให้เป็นคนสาบสูญหรือคำสั่งถอนคำสั่งให้เป็นคนสาบสูญ ให้ประกาศในราชกิจจานุเบกษา",procedure,,,,,procedure,"rule-based classify_category(law_title, context); provisional",1,requires human verification
ป0003-1D-0002-28,ป0003-1D-0002,ประมวลกฎหมายแพ่งและพาณิชย์,28,"ประมวลกฎหมายแพ่งและพาณิชย์ มาตรา 28
บุคคลวิกลจริตผู้ใด ถ้าคู่สมรสก็ดี ผู้บุพการีกล่าวคือ บิดา มารดา ปู่ย่า ตายาย ทวดก็ดี ผู้สืบสันดานกล่าวคือ ลูก หลาน เหลน ลื่อก็ดี ผู้ปกครองหรือผู้พิทักษ์ก็ดี ผู้ซึ่งปกครองดูแลบุคคลนั้นอยู่ก็ดี หรือพนักงานอัยการก็ดี ร้องขอต่อศาลให้สั่งให้บุคคลวิกลจริตผู้นั้นเป็นคนไร้ความสามารถ ศาลจะสั่งให้บุคคลวิกลจริตผู้นั้นเป็นคนไร้ความสามารถก็ได้
บุคคลซึ่งศาลได้สั่งให้เป็นคนไร้ความสามารถตามวรรคหนึ่ง ต้องจัดให้อยู่ในความอนุบาล การแต่งตั้งผู้อนุบาล อำนาจหน้าที่ของผู้อนุบาล และการสิ้นสุดของความเป็นผู้อนุบาล ให้เป็นไปตามบทบัญญัติบรรพ 5 แห่งประมวลกฎหมายนี้
คำสั่งของศาลตามมาตรานี้ ให้ประกาศในราชกิจจานุเบกษา",procedure,,,,,procedure,"rule-based classify_category(law_title, context); provisional",1,requires human verification
ป0003-1D-0002-1552,ป0003-1D-0002,ประมวลกฎหมายแพ่งและพาณิชย์,1552,"ประมวลกฎหมายแพ่งและพาณิชย์ มาตรา 1552
ในกรณีที่เด็กไม่มีมารดาหรือมีมารดาแต่มารดาถูกถอนอำนาจปกครองบางส่วนหรือทั้งหมดและศาลได้ตั้งผู้อื่นเป็นผู้ปกครองบางส่วนหรือทั้งหมดไว้ก่อนมีการจดทะเบียนรับเด็กเป็นบุตร บิดาซึ่งจดทะเบียนรับเด็กเป็นบุตรชอบด้วยกฎหมายแล้วจะร้องขอต่อศาลให้มีคำสั่งถอนความเป็นผู้ปกครองบางส่วนหรือทั้งหมดของผู้ปกครองและให้บิดาเป็นผู้ใช้อำนาจปกครองก็ได้ ถ้าศาลเห็นว่าบิดาอาจใช้อำนาจปกครองเพื่อความผาสุกและประโยชน์ของเด็กได้ดียิ่งกว่าผู้ปกครอง ศาลจะมีคำสั่งถอนความเป็นผู้ปกครองบางส่วนหรือทั้งหมดของผู้ปกครองและให้บิดาเป็นผู้ใช้อำนาจปกครองก็ได้",procedure,,,,,procedure,"rule-based classify_category(law_title, context); provisional",1,requires human verification
ป0003-1D-0002-811,ป0003-1D-0002,ประมวลกฎหมายแพ่งและพาณิชย์,811,"ประมวลกฎหมายแพ่งและพาณิชย์ มาตรา 811
ถ้าตัวแทนเอาเงินซึ่งควรจะได้ส่งแก่ตัวการ หรือซึ่งควรจะใช้ในกิจของตัวการนั้นไปใช้สอยเป็นประโยชน์ตนเสีย ท่านว่าตัวแทนต้องเสียดอกเบี้ยในเงินนั้นนับแต่วันที่ได้เอาไปใช้",procedure,,,,,other,"rule-based classify_category(law_title, context); provisional",0,requires human verification
ป0003-1D-0002-129,ป0003-1D-0002,ประมวลกฎหมายแพ่งและพาณิชย์,129,"ประมวลกฎหมายแพ่งและพาณิชย์ มาตรา 129
ในกรณีที่กรรมการของมูลนิธิผู้ใดดำเนินกิจการของมูลนิธิผิดพลาดเสื่อมเสียต่อมูลนิธิ หรือดำเนินกิจการฝ่าฝืนกฎหมายหรือข้อบังคับของมูลนิธิ หรือกลายเป็นผู้มีฐานะหรือความประพฤติไม่เหมาะสมในการดำเนินการตามวัตถุประสงค์ของมูลนิธิ นายทะเบียน พนักงานอัยการ หรือผู้มีส่วนได้เสียคนหนึ่งคนใดอาจร้องขอต่อศาลให้มีคำสั่งถอดถอนกรรมการของมูลนิธิผู้นั้นได้
ในกรณีที่การกระทำตามวรรคหนึ่งเป็นการกระทำของคณะกรรมการของมูลนิธิหรือปรากฏว่าคณะกรรมการของมูลนิธิไม่ดำเนินการตามวัตถุประสงค์ของมูลนิธิโดยไม่มีเหตุอันสมควร นายทะเบียน พนักงานอัยการ หรือผู้มีส่วนได้เสียคนหนึ่งคนใดอาจร้องขอต่อศาลให้มีคำสั่งถอดถอนกรรมการของมูลนิธิทั้งคณะได้
ในกรณีที่ศาลมีคำสั่งถอดถอนกรรมการของมูลนิธิหรือคณะกรรมการของมูลนิธิตามวรรคหนึ่งหรือวรรคสอง ศาลจะแต่งตั้งบุคคลอื่นเป็นกรรมการของมูลนิธิ หรือคณะกรรมการของมูลนิธิแทนกรรมการของมูลนิธิ หรือคณะกรรมการของมูลนิธิที่ศาลถอดถอนก็ได้ เมื่อศาลมีคำสั่งแต่งตั้งบุคคลใดเป็นกรรมการของมูลนิธิแล้ว ให้นายทะเบียนดำเนินการจดทะเบียนไปตามนั้น",procedure,,,,,procedure,"rule-based classify_category(law_title, context); provisional",1,requires human verification
ป0003-1D-0002-1569/1,ป0003-1D-0002,ประมวลกฎหมายแพ่งและพาณิชย์,1569/1,"ประมวลกฎหมายแพ่งและพาณิชย์ มาตรา 1569/1
ในกรณีที่ผู้เยาว์ถูกศาลสั่งให้เป็นคนไร้ความสามารถและศาลมีคำสั่งตั้งบุคคลอื่นซึ่งมิใช่ผู้ใช้อำนาจปกครองหรือผู้ปกครองเป็นผู้อนุบาลให้คำสั่งนั้นมีผลเป็นการถอนผู้ใช้อำนาจปกครอง หรือผู้ปกครองที่เป็นอยู่ในขณะนั้น
ในกรณีที่บุคคลซึ่งบรรลุนิติภาวะและไม่มีคู่สมรสถูกศาลสั่งให้เป็นคนไร้ความสามารถหรือเสมือนไร้ความสามารถ ให้บิดามารดา หรือบิดาหรือมารดาเป็นผู้อนุบาลหรือผู้พิทักษ์ แล้วแต่กรณี เว้นแต่ศาลจะสั่งเป็นอย่างอื่น",procedure,,,,,procedure,"rule-based classify_category(law_title, context); provisional",1,requires human verification
ก0123-1B-0001-121,ก0123-1B-0001,พระราชบัญญัติการประกอบกิจการพลังงาน พ.ศ. 2550,121,"พระราชบัญญัติการประกอบกิจการพลังงาน พ.ศ. 2550 มาตรา 121 ในกรณีที่ผู้ใช้พลังงาน ผู้รับใบอนุญาต หรือบุคคลผู้มีส่วนได้เสียใดไม่พอใจคำสั่ง ระเบียบ ข้อบังคับ ประกาศ หรือข้อกำหนดใด ๆ ของคณะกรรมการ ให้มีสิทธิอุทธรณ์ต่อคณะกรรมการได้
การอุทธรณ์ตามวรรคหนึ่งให้ยื่นต่อคณะกรรมการภายในสามสิบวันนับแต่วันที่ได้รับแจ้งคำสั่งจากคณะกรรมการ หรือนับแต่วันที่คณะกรรมการได้ออกระเบียบ ข้อบังคับ ประกาศ หรือข้อกำหนด
หลักเกณฑ์ วิธีการ และเงื่อนไขการยื่นอุทธรณ์และวิธีพิจารณาอุทธรณ์ ให้เป็นไปตามระเบียบที่คณะกรรมการประกาศกำหนด
การอุทธรณ์ตามวรรคสอง ย่อมไม่เป็นการทุเลาการบังคับตามคำสั่งของคณะกรรมการเว้นแต่คณะกรรมการจะสั่งเป็นอย่างอื่นเป็นการชั่วคราวก่อนมีคำวินิจฉัยอุทธรณ์
คำวินิจฉัยอุทธรณ์ของคณะกรรมการให้เป็นที่สุด",procedure,,,,,procedure,"rule-based classify_category(law_title, context); provisional",1,requires human verification
ก0164-1B-0001-115,ก0164-1B-0001,พระราชบัญญัติการจัดซื้อจัดจ้างและการบริหารพัสดุภาครัฐ พ.ศ. 2560,115,"พระราชบัญญัติการจัดซื้อจัดจ้างและการบริหารพัสดุภาครัฐ พ.ศ. 2560 มาตรา 115 ผู้มีสิทธิอุทธรณ์จะยื่นอุทธรณ์ในเรื่องดังต่อไปนี้ไม่ได้
(1) การเลือกใช้วิธีการจัดซื้อจัดจ้างหรือเกณฑ์ที่ใช้ในการพิจารณาผลการจัดซื้อจัดจ้างตามพระราชบัญญัตินี้ของหน่วยงานของรัฐ
(2) การยกเลิกการจัดซื้อจัดจ้างตามมาตรา 67
(3) การละเว้นการอ้างถึงพระราชบัญญัตินี้ กฎกระทรวง ระเบียบ หรือประกาศที่ออกตามพระราชบัญญัตินี้ในส่วนที่เกี่ยวข้องโดยตรงกับการจัดซื้อจัดจ้างในประกาศ เอกสาร หรือหนังสือเชิญชวนของหน่วยงานของรัฐ
(4) กรณีอื่นตามที่กำหนดในกฎกระทรวง",procedure,,,,,procedure,"rule-based classify_category(law_title, context); provisional",1,requires human verification
ป0003-1D-0002-867,ป0003-1D-0002,ประมวลกฎหมายแพ่งและพาณิชย์,867,"ประมวลกฎหมายแพ่งและพาณิชย์ มาตรา 867
อันสัญญาประกันภัยนั้น ถ้ามิได้มีหลักฐานเป็นหนังสืออย่างใดอย่างหนึ่งลงลายมือชื่อฝ่ายที่ต้องรับผิดหรือลายมือชื่อตัวแทนของฝ่ายนั้นเป็นสำคัญ ท่านว่าจะฟ้องร้องให้บังคับคดีหาได้ไม่
ให้ส่งมอบกรมธรรม์ประกันภัยอันมีเนื้อความต้องตามสัญญานั้นแก่ผู้เอาประกันภัยฉบับหนึ่ง
กรมธรรม์ประกันภัย ต้องลงลายมือชื่อของผู้รับประกันภัยและมีรายการ ดังต่อไปนี้
(1) วัตถุที่เอาประกันภัย
(2) ภัยใดซึ่งผู้รับประกันภัยรับเสี่ยง
(3) ราคาแห่งมูลประกันภัย ถ้าหากได้กำหนดกันไว้
(4) จำนวนเงินซึ่งเอาประกันภัย
(5) จำนวนเบี้ยประกันภัย และวิธีส่งเบี้ยประกันภัย
(6) ถ้าหากสัญญาประกันภัยมีกำหนดเวลา ต้องลงเวลาเริ่มต้นและเวลาสิ้นสุดไว้ด้วย
(7) ชื่อหรือยี่ห้อของผู้รับประกันภัย
(8) ชื่อหรือยี่ห้อของผู้เอาประกันภัย
(9) ชื่อของผู้รับประโยชน์ ถ้าจะพึงมี
(10) วันทำสัญญาประกันภัย
(11) สถานที่และวันที่ได้ทำกรมธรรม์ประกันภัย",procedure,,,,,procedure,"rule-based classify_category(law_title, context); provisional",1,requires human verification
ก0028-1B-0001-48/3,ก0028-1B-0001,พระราชบัญญัติการส่งเสริมการอนุรักษ์พลังงาน พ.ศ. 2535,48/3,"พระราชบัญญัติการส่งเสริมการอนุรักษ์พลังงาน พ.ศ. 2535 มาตรา 48/3 กรณีที่ผู้รับอนุญาตตามมาตรา 48/1 ถูกฟ้องต่อศาลว่าได้กระทำความผิดตามมาตรา 56 แห่งพระราชบัญญัตินี้ ให้อธิบดีมีอำนาจสั่งพักใช้ใบอนุญาตไว้รอคำพิพากษาถึงที่สุดก็ได้
ห้ามมิให้ผู้รับอนุญาตที่ถูกสั่งพักใช้ใบอนุญาตประกอบกิจการตามใบอนุญาตนั้น",procedure,,,,,procedure,"rule-based classify_category(law_title, context); provisional",1,requires human verification
ป0003-1D-0002-451,ป0003-1D-0002,ประมวลกฎหมายแพ่งและพาณิชย์,451,"ประมวลกฎหมายแพ่งและพาณิชย์ มาตรา 451
บุคคลใช้กำลังเพื่อป้องกันสิทธิของตน ถ้าตามพฤติการณ์จะขอให้ศาลหรือเจ้าหน้าที่ช่วยเหลือให้ทันท่วงทีไม่ได้ และถ้ามิได้ทำในทันใด ภัยมีอยู่ด้วยการที่ตนจะได้สมดังสิทธินั้นจะต้องประวิงไปมากหรือถึงแก่สาบสูญได้ไซร้ ท่านว่าบุคคลนั้นหาต้องรับผิดใช้ค่าสินไหมทดแทนไม่
การใช้กำลังดังกล่าวมาในวรรคก่อนนั้น ท่านว่าต้องจำกัดครัดเคร่งแต่เฉพาะที่จำเป็นเพื่อจะบำบัดปัดป้องภยันตรายเท่านั้น
ถ้าบุคคลผู้ใดกระทำการดังกล่าวมาในวรรคต้น เพราะหลงสันนิษฐานพลาดไปว่ามีเหตุอันจำเป็นที่จะทำได้โดยชอบด้วยกฎหมายไซร้ ท่านว่าผู้นั้นจะต้องรับผิดใช้ค่าสินไหมทดแทนให้แก่บุคคลอื่น แม้ทั้งการที่หลงพลาดไปนั้นจะมิใช่เป็นเพราะความประมาทเลินเล่อของตน",procedure,,,,,procedure,"rule-based classify_category(law_title, context); provisional",1,requires human verification
ภ0002-1B-0001-65_7,ภ0002-1B-0001,พระราชบัญญัติภาษีเงินได้ปิโตรเลียม พ.ศ. 2514,65 สัตต,"พระราชบัญญัติภาษีเงินได้ปิโตรเลียม พ.ศ. 2514 มาตรา 65 สัตต รายการที่มิให้ถือเป็นรายจ่ายตามปกติและจำเป็นให้รวมถึง
(1)รายจ่ายที่เป็นทุนหรือรายจ่ายในการต่อเติม เปลี่ยนแปลงขยายออกหรือทำให้ดีขึ้นซึ่งทรัพย์สิน
รายจ่ายที่เป็นทุนตามวรรคหนึ่งหมายความว่ารายจ่ายที่จ่ายไปเพื่อได้มาซึ่งทรัพย์สินหรือประโยชน์ไม่ว่าจะโดยทางตรงหรือทางอ้อมโดยทรัพย์สินหรือประโยชน์นั้นมีผลต่อกิจการเป็นเวลาเกินหนึ่งรอบระยะเวลาบัญชีและให้หมายความรวมถึงผลขาดทุนที่เกิดขึ้นก่อนรอบระยะเวลาบัญชีแรกตามมาตรา 65 อัฏฐ (1) วรรคสอง และรายจ่ายตามปกติและจำเป็นที่จ่ายไปก่อนรอบระยะเวลาบัญชีแรกตามมาตรา 65 อัฏฐ (1) วรรคสองด้วย
(2) รายจ่ายที่เป็นการส่วนตัวหรือการให้โดยเสน่หาหรือรายจ่ายที่เป็นการบริจาค
(3)ผลเสียหายอันอาจได้กลับคืนเนื่องจากการประกัน หรือสัญญาคุ้มกันใด ๆ
(4)รายจ่ายเพื่อตอบแทนทุนหรือทรัพย์สินของบริษัท
(5)เงินสำรองหรือเงินสมทบกองทุนใด ๆ เว้นแต่ที่บัญญัติไว้ในมาตรา 65 ฉ (5)
(6) ภาษีเงินได้ เบี้ยปรับ และเงินเพิ่มที่บริษัทต้องเสียตามพระราชบัญญัตินี้หรือที่ต้องเสียในต่างประเทศ
(7) รายจ่ายเพื่อกิจการหรือเพื่อประโยชน์ในการหามาซึ่งเงินได้อันไม่อยู่ในบังคับต้องเสียภาษีตามพระราชบัญญัตินี้
(8)รายจ่ายที่บริษัทพิสูจน์ไม่ได้ว่าใครเป็นผู้รับ
(9) ค่าธรรมเนียมการสงวนพื้นที่และเงินเพิ่มตามกฎหมายว่าด้วยปิโตรเลียม
(10) ค่าปรับทางอาญา",property,,,,,property,"rule-based classify_category(law_title, context); provisional",1,requires human verification
ห0015-1B-0002-273,ห0015-1B-0002,พระราชบัญญัติหลักทรัพย์และตลาดหลักทรัพย์ พ.ศ. 2535,273,พระราชบัญญัติหลักทรัพย์และตลาดหลักทรัพย์ พ.ศ. 2535 มาตรา 273 บริษัทใดฝ่าฝืนหรือไม่ปฏิบัติตามมาตรา 50 มาตรา 53 มาตรา 191 มาตรา 192 หรือมาตรา 193 หรือฝ่าฝืนหรือไม่ปฏิบัติตามหลักเกณฑ์ เงื่อนไข หรือวิธีการที่กำหนดตามมาตรา 50 มาตรา 55/1 วรรคสอง หรือมาตรา 191 ต้องระวางโทษปรับไม่เกินหนึ่งแสนบาท และปรับอีกไม่เกินวันละสามพันบาท ตลอดเวลาที่ยังมิได้ปฏิบัติให้ถูกต้อง,property,,,,,property,"rule-based classify_category(law_title, context); provisional",1,requires human verification
ป0003-1D-0002-843,ป0003-1D-0002,ประมวลกฎหมายแพ่งและพาณิชย์,843,"ประมวลกฎหมายแพ่งและพาณิชย์ มาตรา 843
ตัวแทนค้าต่างคนใดได้รับคำสั่งให้ขายหรือซื้อทรัพย์สินอันมีรายการขานราคาของสถานแลกเปลี่ยน ท่านว่าตัวแทนคนนั้นจะเป็นผู้ซื้อหรือผู้ขายเองก็ได้ เว้นแต่จะมีข้อห้ามไว้ชัดแจ้งโดยสัญญา ในกรณีเช่นนั้น ราคาอันจะพึงใช้เงินแก่กันก็พึงกำหนดตามรายการขานราคาทรัพย์สินนั้น ณ สถานแลกเปลี่ยนในเวลาเมื่อตัวแทนค้าต่างให้คำบอกกล่าวว่าตนจะเป็นผู้ซื้อหรือผู้ขาย
เมื่อตัวการรับคำบอกกล่าวเช่นนั้น ถ้าไม่บอกปัดเสียในทันที ท่านให้ถือว่าตัวการเป็นอันได้สนองรับการนั้นแล้ว
อนึ่ง แม้ในกรณีเช่นนั้น ตัวแทนค้าต่างจะคิดเอาบำเหน็จก็ย่อมคิดได้",property,,,,,property,"rule-based classify_category(law_title, context); provisional",1,requires human verification
ป0003-1D-0002-719,ป0003-1D-0002,ประมวลกฎหมายแพ่งและพาณิชย์,719,"ประมวลกฎหมายแพ่งและพาณิชย์ มาตรา 719
จำนองที่ดินไม่ครอบไปถึงเรือนโรงอันผู้จำนองปลูกสร้างลงในที่ดินภายหลังวันจำนอง เว้นแต่จะมีข้อความกล่าวไว้โดยเฉพาะในสัญญาว่าให้ครอบไปถึง
แต่กระนั้นก็ดี ผู้รับจำนองจะให้ขายเรือนโรงนั้นรวมไปกับที่ดินด้วยก็ได้ แต่ผู้รับจำนองอาจใช้บุริมสิทธิของตนได้เพียงแก่ราคาที่ดินเท่านั้น",property,,,,,property,"rule-based classify_category(law_title, context); provisional",1,requires human verification
ป0003-1D-0002-807,ป0003-1D-0002,ประมวลกฎหมายแพ่งและพาณิชย์,807,"ประมวลกฎหมายแพ่งและพาณิชย์ มาตรา 807
ตัวแทนต้องทำการตามคำสั่งแสดงออกชัดหรือโดยปริยายของตัวการเมื่อไม่มีคำสั่งเช่นนั้น ก็ต้องดำเนินตามทางที่เคยทำกันมาในกิจการค้าขายอันเขาให้ตนทำอยู่นั้น
อนึ่ง บทบัญญัติมาตรา 659 ว่าด้วยการฝากทรัพย์นั้น ท่านให้นำมาใช้ด้วยโดยอนุโลมตามควร",property,,,,,property,"rule-based classify_category(law_title, context); provisional",1,requires human verification
ป0003-1D-0002-671,ป0003-1D-0002,ประมวลกฎหมายแพ่งและพาณิชย์,671,"ประมวลกฎหมายแพ่งและพาณิชย์ มาตรา 671
ในข้อความรับผิดเพื่อใช้เงินบำเหน็จค่าฝากทรัพย์ก็ดี ชดใช้เงินค่าใช้จ่ายก็ดี ใช้ค่าสินไหมทดแทนเกี่ยวแก่การฝากทรัพย์ก็ดี ท่านห้ามมิให้ฟ้องเมื่อพ้นเวลาหกเดือนนับแต่วันสิ้นสัญญา",property,,,,,property,"rule-based classify_category(law_title, context); provisional",1,requires human verification
ป0008-1D-0001-91/16,ป0008-1D-0001,ประมวลรัษฎากร,91/16,"ประมวลรัษฎากร มาตรา 91/16 เพื่อประโยชน์ในการดำเนินการตามมาตรา 91/15 เจ้าพนักงานประเมินมีอำนาจ
(1) จัดทำรายการลงในแบบแสดงรายการตามหลักฐานที่เห็นว่าถูกต้อง เมื่อผู้ประกอบกิจการมิได้ยื่นแบบแสดงรายการ
(2) แก้ไขเพิ่มเติมรายการในแบบแสดงรายการหรือในเอกสารอื่นประกอบแบบแสดงรายการเพื่อให้ถูกต้อง
(3) กำหนดราคาขายสินค้าโดยเทียบเคียงกับราคาขายในวันเดียวกัน หรือใกล้เคียงกันของสินค้าประเภทหรือชนิดเดียวกันตามราคาตลาดที่อาจเทียบเคียงกันได้
(4) กำหนดดอกเบี้ย ส่วนลด ค่าธรรมเนียม ค่าบริการ กำไรก่อนหักรายจ่ายใด ๆ จากการซื้อหรือขายตั๋วเงินหรือแลกเปลี่ยนหรือซื้อขายเงินตรา การออกตั๋วเงิน หรือการส่งเงินไปต่างประเทศตามราคาตลาดที่อาจเทียบเคียงได้
(5) กำหนดรายรับซึ่งผู้ประกอบกิจการควรได้รับ เพราะผู้ประกอบกิจการกับผู้ซื้อมีการควบคุมหรือความสัมพันธ์กันในด้านทุนหรือด้านการจัดการ
(6) กำหนดดอกเบี้ย ราคาทรัพย์สิน หรือค่าบริการตามราคาตลาดในวันให้กู้ยืมเงิน วันที่โอน หรือให้บริการ ในกรณีที่การให้กู้ยืมเงิน การโอนทรัพย์สิน หรือการให้บริการนั้นไม่มีดอกเบี้ย ค่าตอบแทน หรือค่าบริการ หรือมีดอกเบี้ย ค่าตอบแทน หรือค่าบริการต่ำกว่าราคาตลาดโดยไม่มีเหตุอันสมควร
(7) กำหนดรายรับโดยพิจารณาถึงฐานะความเป็นอยู่หรือพฤติการณ์ของผู้ประกอบกิจการ หรือสถิติการค้าของผู้ประกอบกิจการเองหรือของผู้ประกอบกิจการอื่น ที่กระทำกิจการทำนองเดียวกันหรือพิจารณาจากหลักเกณฑ์อย่างอื่นอันอาจแสดงรายรับได้โดยสมควร
(8) ประเมินภาษีตามที่รู้เห็นหรือพิจารณาว่าถูกต้องเมื่อมีกรณีตามมาตรา 91/15 (3) โดยไม่ต้องปฏิบัติตาม (1) ถึง (7) ก็ได้",property,,,,,property,"rule-based classify_category(law_title, context); provisional",1,requires human verification
ห0060-1B-0001-39,ห0060-1B-0001,พระราชบัญญัติหลักประกันทางธุรกิจ พ.ศ. 2558,39,"พระราชบัญญัติหลักประกันทางธุรกิจ พ.ศ. 2558 มาตรา 39 เมื่อมีเหตุบังคับหลักประกันตามสัญญาหลักประกันทางธุรกิจ และผู้รับหลักประกันได้มีหนังสือแจ้งเหตุบังคับหลักประกันแล้ว หากผู้ให้หลักประกันหรือผู้ที่ยึดถือทรัพย์สินที่เป็นหลักประกันยินยอมส่งมอบการครอบครองทรัพย์สินที่เป็นหลักประกันแก่ผู้รับหลักประกันและมีหนังสือยินยอมให้นำหลักประกันไปจำหน่าย ห้ามมิให้เจ้าหนี้ตามคำพิพากษาอื่นยึดหรืออายัดทรัพย์สินที่เป็นหลักประกันแต่ให้เจ้าหนี้ดังกล่าวมีหนังสือแจ้งไปยังผู้รับหลักประกัน เพื่อขอเฉลี่ยทรัพย์สินหรือเงินที่ได้จากการขายทรัพย์สินนั้น
ภายในสิบห้าวันนับแต่วันที่ได้ครอบครองทรัพย์สินที่เป็นหลักประกันตามวรรคหนึ่ง ให้ผู้รับหลักประกันมีหนังสือแจ้งให้ลูกหนี้และผู้ให้หลักประกันชำระหนี้ภายในสิบห้าวันนับแต่วันที่ได้รับหนังสือดังกล่าวและให้แจ้งไปด้วยว่าหากไม่ชำระหนี้ภายในระยะเวลาที่กำหนด ผู้รับหลักประกันจะบังคับหลักประกันโดยให้ทรัพย์สินที่เป็นหลักประกันหลุดเป็นสิทธิ หรือโดยจำหน่ายทรัพย์สินที่เป็นหลักประกันเพื่อนำเงินมาชำระหนี้ และให้ส่งสำเนาหนังสือดังกล่าวให้ผู้รับหลักประกันอื่นและเจ้าหนี้อื่นซึ่งมีบุริมสิทธิเหนือทรัพย์สินที่เป็นหลักประกันเท่าที่ปรากฏรายชื่อในหลักฐานทางทะเบียนทราบด้วย
ถ้าทรัพย์สินที่เป็นหลักประกันมีสภาพเป็นของสดเสียได้ หรือหากหน่วงช้าไว้จะเป็นการเสี่ยงต่อความเสียหายหรือค่าใช้จ่ายในการเก็บรักษาจะเกินส่วนกับค่าของทรัพย์สิน ผู้รับหลักประกันอาจจำหน่ายทรัพย์สินที่เป็นหลักประกันโดยวิธีที่เห็นสมควรเพื่อนำเงินมาชำระหนี้ได้ทันทีโดยไม่ต้องดำเนินการตามวรรคสอง
ในกรณีที่ทรัพย์สินที่เป็นหลักประกันเป็นสิทธิเรียกร้องเมื่อผู้รับหลักประกันมีหนังสือแจ้งเหตุบังคับหลักประกันไปยังลูกหนี้แห่งสิทธิแล้ว ห้ามมิให้ลูกหนี้แห่งสิทธิชำระหนี้แก่ผู้ให้หลักประกันนับแต่วันที่ได้รับหนังสือดังกล่าว เมื่อหนี้แห่งสิทธิเรียกร้องถึงกำหนดชำระให้ลูกหนี้แห่งสิทธิชำระหนี้แก่ผู้รับหลักประกัน
การส่งหนังสือตามมาตรานี้ให้ทำโดยทางไปรษณีย์ลงทะเบียนตอบรับหรือโดยวิธีการอื่นที่แสดงว่าผู้รับได้รับหนังสือแล้ว",property,,,,,property,"rule-based classify_category(law_title, context); provisional",1,requires human verification
ป0003-1D-0002-782,ป0003-1D-0002,ประมวลกฎหมายแพ่งและพาณิชย์,782,"ประมวลกฎหมายแพ่งและพาณิชย์ มาตรา 782
เมื่อใดผู้ฝากจำนำสินค้าและส่งมอบประทวนสินค้าแก่ผู้รับสลักหลังแล้ว ผู้รับสลักหลังเช่นนั้นต้องมีจดหมายบอกกล่าวแก่นายคลังสินค้าให้ทราบจำนวนหนี้ซึ่งจำนำสินค้านั้นเป็นประกัน ทั้งจำนวนดอกเบี้ยและวันอันหนี้นั้นจะถึงกำหนดชำระ เมื่อนายคลังสินค้าได้รับคำบอกกล่าวเช่นนั้นแล้วต้องจดรายการทั้งนั้นลงในต้นขั้ว
ถ้าและมิได้จดในต้นขั้วเช่นนั้น ท่านว่าการจำนำนั้นหาอาจจะยกขึ้นเป็นข้อต่อสู้เจ้าหนี้ทั้งหลายของผู้ฝากได้ไม่",property,,,,,property,"rule-based classify_category(law_title, context); provisional",1,requires human verification
ห0015-1B-0002-92,ห0015-1B-0002,พระราชบัญญัติหลักทรัพย์และตลาดหลักทรัพย์ พ.ศ. 2535,92,"พระราชบัญญัติหลักทรัพย์และตลาดหลักทรัพย์ พ.ศ. 2535 มาตรา 92 บริษัทหลักทรัพย์อาจมีสำนักงานสาขาได้ แต่ต้องได้รับอนุญาตจากสำนักงาน
การขออนุญาตและการอนุญาตให้เป็นไปตามหลักเกณฑ์ เงื่อนไขและวิธีการที่คณะกรรมการกำกับตลาดทุนกำหนด
การจัดตั้งสำนักงานสาขาของสถาบันการเงินที่จัดตั้งขึ้นตามกฎหมายอื่นให้เป็นไปตามกฎหมายว่าด้วยการนั้น",property,,,,,property,"rule-based classify_category(law_title, context); provisional",1,requires human verification
ป0003-1D-0002-745,ป0003-1D-0002,ประมวลกฎหมายแพ่งและพาณิชย์,745,"ประมวลกฎหมายแพ่งและพาณิชย์ มาตรา 745
ผู้รับจำนองจะบังคับจำนองแม้เมื่อหนี้ที่ประกันนั้นขาดอายุความแล้วก็ได้ แต่จะบังคับเอาดอกเบี้ยที่ค้างชำระในการจำนองเกินกว่าห้าปีไม่ได้",property,,,,,property,"rule-based classify_category(law_title, context); provisional",1,requires human verification
ห0060-1B-0001-29,ห0060-1B-0001,พระราชบัญญัติหลักประกันทางธุรกิจ พ.ศ. 2558,29,พระราชบัญญัติหลักประกันทางธุรกิจ พ.ศ. 2558 มาตรา 29 ผู้รับหลักประกันมีสิทธิที่จะได้รับชำระหนี้จากทรัพย์สินที่เป็นหลักประกันก่อนเจ้าหนี้สามัญไม่ว่าสิทธิในทรัพย์สินจะโอนไปยังบุคคลภายนอกแล้วหรือไม่,property,,,,,property,"rule-based classify_category(law_title, context); provisional",1,requires human verification
ส0065-1B-0001-55,ส0065-1B-0001,พระราชบัญญัติสัญญาซื้อขายล่วงหน้า พ.ศ. 2546,55,พระราชบัญญัติสัญญาซื้อขายล่วงหน้า พ.ศ. 2546 มาตรา 55 เพื่อประโยชน์ในการคุ้มครองผู้ลงทุน การรักษาความมั่นคงของระบบการเงิน หรือการควบคุมความเสี่ยงอันเกิดจากสัญญาซื้อขายล่วงหน้า ให้คณะกรรมการ ก.ล.ต. มีอำนาจประกาศกำหนดหลักเกณฑ์เพื่อให้ศูนย์ซื้อขายสัญญาซื้อขายล่วงหน้าปฏิบัติได้,property,,,,,property,"rule-based classify_category(law_title, context); provisional",1,requires human verification
ป0003-1D-0002-1306,ป0003-1D-0002,ประมวลกฎหมายแพ่งและพาณิชย์,1306,"ประมวลกฎหมายแพ่งและพาณิชย์ มาตรา 1306
ท่านห้ามมิให้ยกอายุความขึ้นเป็นข้อต่อสู้กับแผ่นดินในเรื่องทรัพย์สินอันเป็นสาธารณสมบัติของแผ่นดิน",property,,,,,property,"rule-based classify_category(law_title, context); provisional",1,requires human verification
ป0043-1A-0001-34,ป0043-1A-0001,พระราชบัญญัติประกอบรัฐธรรมนูญว่าด้วยการป้องกันและปราบปรามการทุจริต พ.ศ. 2561,34,"พระราชบัญญัติประกอบรัฐธรรมนูญว่าด้วยการป้องกันและปราบปรามการทุจริต พ.ศ. 2561 มาตรา 34 ในการปฏิบัติหน้าที่ตามพระราชบัญญัติประกอบรัฐธรรมนูญนี้ ให้คณะกรรมการ ป.ป.ช. มีอำนาจ ดังต่อไปนี้
(1) มีคำสั่งให้ข้าราชการ พนักงาน หรือลูกจ้างของหน่วยราชการ หน่วยงานของรัฐ รัฐวิสาหกิจ หรือราชการส่วนท้องถิ่น มาให้ถ้อยคำหรือส่งมอบเอกสารหรือหลักฐานที่เกี่ยวข้องมาเพื่อประโยชน์ในการไต่สวน
(2) ให้บุคคลใดมาให้ถ้อยคำ หรือส่งบัญชี เอกสาร หรือหลักฐานใด ๆ มาเพื่อประโยชน์ในการไต่สวน
(3) ดำเนินการขอให้ศาลที่มีเขตอำนาจออกหมายเพื่อเข้าไปในเคหสถาน สถานที่ทำการ หรือสถานที่อื่นใด รวมทั้งยานพาหนะของบุคคลใด ๆ ในเวลาระหว่างพระอาทิตย์ขึ้นและพระอาทิตย์ตก หรือในระหว่างเวลาที่มีการประกอบกิจการ เพื่อตรวจสอบ ค้น ยึด หรืออายัด เอกสาร ทรัพย์สิน หรือพยานหลักฐานอื่นใดซึ่งเกี่ยวข้องกับเรื่องที่ไต่สวน และหากยังดำเนินการไม่แล้วเสร็จในเวลาดังกล่าว ให้สามารถดำเนินการต่อไปได้จนกว่าจะแล้วเสร็จ
(4) มีคำสั่งให้หน่วยราชการ หน่วยงานของรัฐ รัฐวิสาหกิจ ราชการส่วนท้องถิ่น หรือหน่วยงานเอกชนชี้แจงข้อเท็จจริง อำนวยความสะดวก หรือให้ความช่วยเหลือในการปฏิบัติหน้าที่ของคณะกรรมการ ป.ป.ช.
(5) จ้างที่ปรึกษาหรือผู้เชี่ยวชาญในการตรวจสอบหาข้อมูลเกี่ยวกับทรัพย์สินหรือหนี้สิน และการดำเนินคดีในการติดตามทรัพย์สินในต่างประเทศได้ ทั้งนี้ ตามระเบียบที่คณะกรรมการ ป.ป.ช. กำหนด",property,,,,,property,"rule-based classify_category(law_title, context); provisional",1,requires human verification
ป0003-1D-0002-398,ป0003-1D-0002,ประมวลกฎหมายแพ่งและพาณิชย์,398,"ประมวลกฎหมายแพ่งและพาณิชย์ มาตรา 398
ถ้าผู้จัดการทำกิจอันใดเพื่อประสงค์จะปัดป้องอันตรายอันมีมาใกล้ตัวการ จะเป็นภัยแก่ตัวก็ดี แก่ชื่อเสียงก็ดี หรือแก่ทรัพย์สินก็ดี ท่านว่าผู้จัดการต้องรับผิดชอบแต่เพียงที่จงใจทำผิด หรือที่เป็นความประมาทเลินเล่ออย่างร้ายแรงเท่านั้น",property,,,,,property,"rule-based classify_category(law_title, context); provisional",1,requires human verification
ป0003-1D-0002-322,ป0003-1D-0002,ประมวลกฎหมายแพ่งและพาณิชย์,322,"ประมวลกฎหมายแพ่งและพาณิชย์ มาตรา 322
ถ้าเอาทรัพย์ก็ดี สิทธิเรียกร้องจากบุคคลภายนอกก็ดี หรือสิทธิอย่างอื่นก็ดี ให้แทนการชำระหนี้ ท่านว่าลูกหนี้จะต้องรับผิดเพื่อชำรุดบกพร่องและเพื่อการรอนสิทธิทำนองเดียวกับผู้ขาย",property,,,,,property,"rule-based classify_category(law_title, context); provisional",1,requires human verification
ห0015-1B-0002-14/1,ห0015-1B-0002,พระราชบัญญัติหลักทรัพย์และตลาดหลักทรัพย์ พ.ศ. 2535,14/1,"พระราชบัญญัติหลักทรัพย์และตลาดหลักทรัพย์ พ.ศ. 2535 มาตรา 14/1 ให้มีคณะกรรมการตรวจสอบที่คณะกรรมการ ก.ล.ต.แต่งตั้งจำนวนไม่น้อยกว่าสามคนแต่ไม่เกินห้าคนในจำนวนนี้ต้องเป็นกรรมการผู้ทรงคุณวุฒิในคณะกรรมการ ก.ล.ต. อย่างน้อยสองคน
ให้คณะกรรมการตรวจสอบแต่งตั้งพนักงานของสำนักงานคนหนึ่งเป็นเลขานุการคณะกรรมการตรวจสอบ",property,,,,,property,"rule-based classify_category(law_title, context); provisional",1,requires human verification
ป0003-1D-0002-657,ป0003-1D-0002,ประมวลกฎหมายแพ่งและพาณิชย์,657,"ประมวลกฎหมายแพ่งและพาณิชย์ มาตรา 657
อันว่าฝากทรัพย์นั้น คือสัญญาซึ่งบุคคลคนหนึ่ง เรียกว่าผู้ฝาก ส่งมอบทรัพย์สินให้แก่บุคคลอีกคนหนึ่ง เรียกว่าผู้รับฝาก และผู้รับฝากตกลงว่าจะเก็บรักษาทรัพย์สินนั้นไว้ในอารักขาแห่งตน แล้วจะคืนให้",property,,,,,property,"rule-based classify_category(law_title, context); provisional",1,requires human verification
ป0003-1D-0002-1314,ป0003-1D-0002,ประมวลกฎหมายแพ่งและพาณิชย์,1314,"ประมวลกฎหมายแพ่งและพาณิชย์ มาตรา 1314
ท่านให้ใช้บทบัญญัติมาตรา 1310, 1311 และ 1313 บังคับตลอดถึงการก่อสร้างใด ๆ ซึ่งติดที่ดินและการเพาะปลูกต้นไม้หรือธัญชาติด้วยโดยอนุโลม
แต่ข้าวหรือธัญชาติอย่างอื่นอันจะเก็บเกี่ยวรวงผลได้คราวหนึ่งหรือหลายคราวต่อปี เจ้าของที่ดินต้องยอมให้บุคคลผู้กระทำการโดยสุจริต หรือผู้เป็นเจ้าของที่ดินโดยมีเงื่อนไขซึ่งได้เพาะปลูกลงไว้นั้น คงครองที่ดินจนกว่าจะเสร็จการเก็บเกี่ยวโดยใช้เงินคำนวณตามเกณฑ์ค่าเช่าที่ดินนั้น หรือเจ้าของที่ดินจะเข้าครอบครองในทันทีโดยใช้ค่าทดแทนให้แก่อีกฝ่ายหนึ่งก็ได้",property,,,,,property,"rule-based classify_category(law_title, context); provisional",1,requires human verification
ว0067-1B-0001-59,ว0067-1B-0001,พระราชบัญญัติวิชาชีพบัญชี พ.ศ. 2547,59,"พระราชบัญญัติวิชาชีพบัญชี พ.ศ. 2547 มาตรา 59 ให้มีคณะกรรมการกำกับดูแลการประกอบวิชาชีพบัญชี ประกอบด้วย
(1) ปลัดประทรวงพาณิชย์เป็นประธานกรรมการ
(2) กรรมการโดยตำแหน่ง ได้แก่ อธิบดีกรมการประกันภัย อธิบดีกรมสรรพากร ผู้ว่าการตรวจเงินแผ่นดิน ผู้ว่าการธนาคารแห่งประเทศไทย เลขาธิการสำนักงานคณะกรรมการกำกับหลักทรัพย์และตลาดหลักทรัพย์ นายกสภาวิชาชีพบัญชี ประธานสภาอุตสาหกรรมแห่งประเทศไทย ประธานสมาคมธนาคารไทย และประธานกรรมการหอการค้าไทย
(3) กรรมการผู้ทรงคุณวุฒิซึ่งรัฐมนตรีแต่งตั้งจากผู้มีความรู้และความเชี่ยวชาญเกี่ยวกับวิชาการบัญชีสองคน และผู้ทรงคุณวุฒิทางด้านกฎหมายหนึ่งคน
ให้อธิบดีกรมพัฒนาธุรกิจการค้าเป็นกรรมการและเลขานุการ และให้แต่งตั้งเจ้าหน้าที่กรมพัฒนาธุรกิจการค้าเป็นผู้ช่วยเลขานุการตามความจำเป็น
ให้กรมพัฒนาธุรกิจการค้าทำหน้าที่ธุรการและสนับสนุนการดำเนินงานของคณะกรรมการกำกับดูแลการประกอบวิชาชีพบัญชี ตามที่คณะกรรมการกำกับดูแลการประกอบวิชาชีพบัญชีมอบหมาย
กรรมการผู้ทรงคุณวุฒิตาม (3) มีวาระการดำรงตำแหน่งคราวละสามปี และอาจได้รับการแต่งตั้งอีกได้ แต่จะดำรงตำแหน่งเกินสองวาระติดต่อกันไม่ได้",property,,,,,property,"rule-based classify_category(law_title, context); provisional",1,requires human verification
ห0015-1B-0002-310,ห0015-1B-0002,พระราชบัญญัติหลักทรัพย์และตลาดหลักทรัพย์ พ.ศ. 2535,310,"พระราชบัญญัติหลักทรัพย์และตลาดหลักทรัพย์ พ.ศ. 2535 มาตรา 310 กรรมการ ผู้จัดการ หรือบุคคลใดซึ่งรับผิดชอบในการดำเนินงานของนิติบุคคลใดตามพระราชบัญญัตินี้ รู้ว่าเจ้าหนี้ของนิติบุคคลดังกล่าว หรือเจ้าหนี้ของบุคคลอื่นซึ่งจะใช้สิทธิของเจ้าหนี้นิติบุคคลนั้นบังคับการชำระหนี้จากนิติบุคคล ใช้หรือน่าจะใช้สิทธิเรียกร้องทางศาลให้ชำระหนี้
(1) ย้ายไปเสีย ซ่อนเร้น หรือโอนไปให้แก่ผู้อื่นซึ่งทรัพย์สินของนิติบุคคลนั้น หรือ
(2) แกล้งให้นิติบุคคลนั้นเป็นหนี้ซึ่งไม่เป็นความจริง
ถ้าได้กระทำเพื่อมิให้เจ้าหนี้ได้รับชำระหนี้ทั้งหมดหรือแต่บางส่วน ต้องระวางโทษจำคุกตั้งแต่ห้าปีถึงสิบปี และปรับตั้งแต่ห้าแสนบาทถึงหนึ่งล้านบาท",property,,,,,property,"rule-based classify_category(law_title, context); provisional",1,requires human verification
ห0015-1B-0002-291,ห0015-1B-0002,พระราชบัญญัติหลักทรัพย์และตลาดหลักทรัพย์ พ.ศ. 2535,291,พระราชบัญญัติหลักทรัพย์และตลาดหลักทรัพย์ พ.ศ. 2535 มาตรา 291 ผู้ใดฝ่าฝืนหรือไม่ปฏิบัติตามคำสั่งที่กำหนดตามมาตรา 186 (2) ต้องระวางโทษจำคุกไม่เกินหนึ่งปี หรือปรับไม่เกินสามแสนบาท หรือทั้งจำทั้งปรับ,property,,,,,property,"rule-based classify_category(law_title, context); provisional",1,requires human verification
ห0015-1B-0002-171,ห0015-1B-0002,พระราชบัญญัติหลักทรัพย์และตลาดหลักทรัพย์ พ.ศ. 2535,171,"พระราชบัญญัติหลักทรัพย์และตลาดหลักทรัพย์ พ.ศ. 2535 มาตรา 171 ให้คณะกรรมการตลาดหลักทรัพย์ มีอำนาจหน้าที่ดังต่อไปนี้
(1) รับหลักทรัพย์ที่มีคุณสมบัติครบถ้วนตามหลักเกณฑ์ เงื่อนไขและวิธีการเกี่ยวกับการรับหลักทรัพย์จดทะเบียนตามมาตรา 170 (1) เป็นหลักทรัพย์จดทะเบียน
(2) ห้ามการซื้อขายหลักทรัพย์จดทะเบียนรายใดรายหนึ่งในตลาดหลักทรัพย์เป็นการชั่วคราว โดยกำหนดระยะเวลาตามที่เห็นสมควร
(3) ห้ามสมาชิกรายใดรายหนึ่งเข้าทำการซื้อหรือขายหลักทรัพย์จดทะเบียนในตลาดหลักทรัพย์เป็นการชั่วคราว โดยกำหนดระยะเวลาตามที่เห็นสมควร
(4) เพิกถอนการเป็นหลักทรัพย์จดทะเบียนในตลาดหลักทรัพย์ตามหลักเกณฑ์ เงื่อนไขและวิธีการเกี่ยวกับการเพิกถอนหลักทรัพย์จดทะเบียนตามมาตรา 170 (1)
การสั่งรับหลักทรัพย์หรือเพิกถอนหลักทรัพย์จดทะเบียน ให้ตลาดหลักทรัพย์ประกาศไว้ในที่เปิดเผย ณ สถานที่ทำการของตลาดหลักทรัพย์และเผยแพร่ให้ประชาชนทั่วไปทราบก่อนวันที่หลักทรัพย์ดังกล่าวเป็นหรือถูกเพิกถอนการเป็นหลักทรัพย์จดทะเบียน",property,,,,,property,"rule-based classify_category(law_title, context); provisional",1,requires human verification
ป0003-1D-0002-415,ป0003-1D-0002,ประมวลกฎหมายแพ่งและพาณิชย์,415,"ประมวลกฎหมายแพ่งและพาณิชย์ มาตรา 415
บุคคลผู้ได้รับทรัพย์สินไว้โดยสุจริตย่อมจะได้ดอกผลอันเกิดแต่ทรัพย์สินนั้นตลอดเวลาที่ยังคงสุจริตอยู่
ถ้าผู้ที่ได้รับไว้จะต้องคืนทรัพย์สินนั้นเมื่อใด ให้ถือว่าผู้นั้นตกอยู่ในฐานะทุจริตจำเดิมแต่เวลาที่เรียกคืนนั้น",property,,,,,property,"rule-based classify_category(law_title, context); provisional",1,requires human verification
น0002-1C-0001-1,น0002-1C-0001,พระราชกำหนดนิติบุคคลเฉพาะกิจเพื่อการแปลงสินทรัพย์เป็นหลักทรัพย์ พ.ศ. 2540,1,พระราชกำหนดนิติบุคคลเฉพาะกิจเพื่อการแปลงสินทรัพย์เป็นหลักทรัพย์ พ.ศ. 2540 มาตรา 1 พระราชกำหนดนี้เรียกว่า “พระราชกำหนดนิติบุคคลเฉพาะกิจเพื่อการแปลงสินทรัพย์เป็นหลักทรัพย์ พ.ศ. 2540”,property,,,,,property,"rule-based classify_category(law_title, context); provisional",1,requires human verification
ห0015-1B-0002-264/1,ห0015-1B-0002,พระราชบัญญัติหลักทรัพย์และตลาดหลักทรัพย์ พ.ศ. 2535,264/1,"พระราชบัญญัติหลักทรัพย์และตลาดหลักทรัพย์ พ.ศ. 2535 มาตรา 264/1 เมื่อหน่วยงานที่มีอำนาจหน้าที่ตามกฎหมายว่าด้วยหลักทรัพย์และตลาดหลักทรัพย์หรือกฎหมายอื่นในทำนองเดียวกันของต่างประเทศร้องขอให้สำนักงานมีอำนาจให้ความช่วยเหลือในการรวบรวมหรือตรวจสอบข้อมูลหรือหลักฐานที่จำเป็นเพื่อใช้ประกอบการพิจารณาการกระทำอันเป็นการฝ่าฝืนกฎหมายว่าด้วยหลักทรัพย์และตลาดหลักทรัพย์หรือกฎหมายอื่นในทำนองเดียวกันของประเทศผู้ร้องขอ ทั้งนี้การให้ความช่วยเหลือในกรณีดังกล่าวต้องอยู่ภายใต้หลักเกณฑ์ดังต่อไปนี้
(1)การให้ความช่วยเหลือนั้นต้องไม่ขัดต่อประโยชน์สาธารณะหรือการรักษาความลับของประเทศ
(2)การกระทำซึ่งเป็นมูลกรณีของความช่วยเหลือนั้นเข้าลักษณะประเภทความผิดตามพระราชบัญญัตินี้
(3)หน่วยงานต่างประเทศที่ร้องขอความช่วยเหลือตกลงหรือยินยอมที่จะให้ความช่วยเหลือในทำนองเดียวกันเป็นการตอบแทนหากได้รับคำร้องขอจากสำนักงาน
เพื่อประโยชน์แห่งมาตรานี้ให้นำความในมาตรา 264และบทกำหนดโทษที่เกี่ยวข้องมาใช้บังคับ",property,,,,,property,"rule-based classify_category(law_title, context); provisional",1,requires human verification
ห0015-1B-0002-218/20,ห0015-1B-0002,พระราชบัญญัติหลักทรัพย์และตลาดหลักทรัพย์ พ.ศ. 2535,218/20,"พระราชบัญญัติหลักทรัพย์และตลาดหลักทรัพย์ พ.ศ. 2535 มาตรา 218/20 ให้มีการประเมินผลสัมฤทธิ์ในการดำเนินงานของกองทุน ทุกหนึ่งปี โดยให้คณะกรรมการตลาดหลักทรัพย์แต่งตั้งคณะกรรมการประเมินผลการดำเนินงานของกองทุน จำนวนไม่น้อยกว่าสามคนแต่ไม่เกินห้าคน เพื่อทำหน้าที่ดังต่อไปนี้
(1) ประเมินผลสัมฤทธิ์ตามวัตถุประสงค์และเป้าหมายของกองทุน
(2) รายงานข้อจำกัดหรืออุปสรรคในการดำเนินกิจการของกองทุน
(3) รายงานผลการปฏิบัติงานพร้อมทั้งข้อเสนอแนะต่อคณะกรรมการกองทุน
ให้คณะกรรมการประเมินผลรายงานผลการประเมินให้คณะกรรมการตลาดหลักทรัพย์ทราบภายในหนึ่งร้อยยี่สิบวันนับแต่วันสิ้นรอบการประเมิน และให้กองทุนเผยแพร่รายงานผลการประเมินดังกล่าวต่อสาธารณชน
เมื่อคณะกรรมการประเมินผลได้ดำเนินการตามวรรคสองเสร็จแล้ว ให้คณะกรรมการประเมินผลพ้นจากหน้าที่",property,,,,,property,"rule-based classify_category(law_title, context); provisional",1,requires human verification
ห0015-1B-0002-221,ห0015-1B-0002,พระราชบัญญัติหลักทรัพย์และตลาดหลักทรัพย์ พ.ศ. 2535,221,พระราชบัญญัติหลักทรัพย์และตลาดหลักทรัพย์ พ.ศ. 2535 มาตรา 221 ห้ามมิให้บุคคลใดให้บริการเป็นนายทะเบียนหลักทรัพย์ เว้นแต่จะได้รับใบอนุญาตจากคณะกรรมการ ก.ล.ต.,property,,,,,property,"rule-based classify_category(law_title, context); provisional",1,requires human verification
ท0010-1B-0001-49,ท0010-1B-0001,พระราชบัญญัติทรัสต์เพื่อธุรกรรมในตลาดทุน พ.ศ. 2550,49,"พระราชบัญญัติทรัสต์เพื่อธุรกรรมในตลาดทุน พ.ศ. 2550 มาตรา 49 ในกรณีที่มีผู้รับประโยชน์หลายราย หากสัญญาก่อตั้งทรัสต์มิได้กำหนดไว้เป็นอย่างอื่น การใช้สิทธิของผู้รับประโยชน์ตามพระราชบัญญัตินี้ ให้เป็นไปตามหลักเกณฑ์ดังต่อไปนี้
(1) การเปลี่ยนแปลงสัญญาก่อตั้งทรัสต์ตามมาตรา 20 หรือมาตรา 21 การถอดถอนทรัสตีตามมาตรา 23 (2) การแต่งตั้งทรัสตีรายใหม่ตามมาตรา 24 หรือการร้องขอให้เลิกทรัสต์ตามมาตรา 51 (2) จะกระทำได้ต่อเมื่อได้รับความเห็นชอบจากผู้รับประโยชน์ซึ่งมีสิทธิได้รับประโยชน์จากกองทรัสต์รวมกันไม่น้อยกว่าสามในสี่ของประโยชน์ในกองทรัสต์ทั้งหมด
(2) การเรียกร้องค่าเสียหายเพื่อประโยชน์ของกองทรัสต์ตามมาตรา 26 วรรคสี่ การเรียกร้องให้ทรัสตีปฏิบัติตามสัญญาก่อตั้งทรัสต์หรือพระราชบัญญัตินี้ หรือการเรียกร้องค่าเสียหายเพื่อประโยชน์ของกองทรัสต์หรือการติดตามเอาทรัพย์สินในกองทรัสต์คืนตามมาตรา 44 มาตรา 45 หรือมาตรา 46 ผู้รับประโยชน์รายใดรายหนึ่งจะใช้สิทธิดังกล่าวโดยลำพังก็ได้",property,,,,,property,"rule-based classify_category(law_title, context); provisional",1,requires human verification
ป0008-1D-0001-s15,ป0008-1D-0001,ประมวลรัษฎากร,ลักษณะแห่งตราสาร 15,"ประมวลรัษฎากร บัญชีอัตราอากรแสตมป์
ลักษณะแห่งตราสาร: 15. เช็คสำหรับผู้เดินทาง
(ก) ออกในประเทศไทย ฉบับละ
ค่าอากรแสตมป์: 3 บาท
ผู้ที่ต้องเสียอากร: ผู้ออกเช็ค
ผู้ที่ต้องขีดฆ่าแสตมป์: ผู้ออกเช็ค
(ข) ออกในต่างประเทศ แต่ให้ชำระในประเทศไทย ฉบับละ
ค่าอากรแสตมป์: 3 บาท
ผู้ที่ต้องเสียอากร: ผู้ทรงคนแรกในประเทศไทย
ผู้ที่ต้องขีดฆ่าแสตมป์: ผู้ทรงคนแรกในประเทศไทย",tax,,,,,tax,"rule-based classify_category(law_title, context); provisional",1,requires human verification
ป0008-1D-0001-91/9,ป0008-1D-0001,ประมวลรัษฎากร,91/9,ประมวลรัษฎากร มาตรา 91/9 ในกรณีกิจการขายหลักทรัพย์ตามมาตรา 91/2 (7) ให้สมาชิกที่เป็นตัวแทนของผู้ขายหักภาษีธุรกิจเฉพาะจากเงินที่ขาย และยื่นแบบแสดงรายการภาษีและชำระภาษีตามมาตรา 91/10 แทนผู้ขายในนามของตนเอง โดยผู้ขายไม่ต้องยื่นแบบแสดงรายการภาษีอีก และให้ถือว่าสมาชิกเป็นผู้มีหน้าที่เสียภาษีธุรกิจเฉพาะในกรณีนี้ด้วย,tax,,,,,tax,"rule-based classify_category(law_title, context); provisional",1,requires human verification
ป0008-1D-0001-s10,ป0008-1D-0001,ประมวลรัษฎากร,ลักษณะแห่งตราสาร 10,"ประมวลรัษฎากร บัญชีอัตราอากรแสตมป์
ลักษณะแห่งตราสาร: 10. บิลออฟเลดิง
หมายเหตุ ถ้าออกเป็นสำรับให้ปิดแสตมป์ตามอัตราทุกฉบับ
ค่าอากรแสตมป์: 2 บาท
ผู้ที่ต้องเสียอากร: ผู้กระทำตราสาร
ผู้ที่ต้องขีดฆ่าแสตมป์: ผู้กระทำตราสาร",tax,,,,,tax,"rule-based classify_category(law_title, context); provisional",1,requires human verification
ป0008-1D-0001-s4,ป0008-1D-0001,ประมวลรัษฎากร,ลักษณะแห่งตราสาร 4,"ประมวลรัษฎากร บัญชีอัตราอากรแสตมป์
ลักษณะแห่งตราสาร: 4. จ้างทำของ
ทุกจำนวนเงิน 1,000 บาท หรือเศษของ 1,000 บาท แห่งสินจ้างที่กำหนดไว้
หมายเหตุ
(1) ถ้าในเวลากระทำสัญญาจ้างทำของไม่ทราบจำนวนสินจ้างว่าเป็นราคาเท่าใด ให้ประมาณจำนวนสินจ้างตามสมควร แล้วเสียอากรตามจำนวนสินจ้างที่ประมาณนั้น
(2) ถ้ามีการรับเงินสินจ้างเป็นคราว ๆ และอากรที่เสียไว้เดิมยังไม่ครบ ให้เสียอากรเพิ่มเติมให้ครบตามจำนวนที่ต้องเสียทุกครั้งในทันทีที่มีการรับเงิน
(3) เมื่อการรับจ้างทำของได้สิ้นสุดลงแล้วและปรากฏว่าได้เสียอากรเกินไปให้ขอคืน ตามมาตรา 122 ได้
ยกเว้นไม่ต้องเสียอากร
ค่าอากรแสตมป์: 1 บาท
ผู้ที่ต้องเสียอากร: ผู้รับจ้าง
ผู้ที่ต้องขีดฆ่าแสตมป์: ผู้รับจ้าง",tax,,,,,tax,"rule-based classify_category(law_title, context); provisional",1,requires human verification
ภ0002-1B-0001-13,ภ0002-1B-0001,พระราชบัญญัติภาษีเงินได้ปิโตรเลียม พ.ศ. 2514,13,"พระราชบัญญัติภาษีเงินได้ปิโตรเลียม พ.ศ. 2514 มาตรา 13 ให้บริษัทจำกัดและนิติบุคคลที่มีสภาพเช่นเดียวกับบริษัทจำกัดซึ่งตั้งขึ้นตามกฎหมายไทยหรือกฎหมายต่างประเทศได้รับยกเว้น
(1) ภาษีอากรตามประมวลรัษฎากร และ
(2) ภาษีอากรตามกฎหมายอื่น
ทั้งนี้ เฉพาะภาษีอากรที่เก็บจากเงินปันผลหรือส่วนแบ่งกำไรที่จ่ายจากกำไรสุทธิ หรือที่จ่ายจากเงินได้อันต้องเสียภาษีตามพระราชบัญญัตินี้",tax,,,,,tax,"rule-based classify_category(law_title, context); provisional",1,requires human verification
ป0008-1D-0001-12,ป0008-1D-0001,ประมวลรัษฎากร,12,"ประมวลรัษฎากร มาตรา 12 ภาษีอากรซึ่งต้องเสียหรือนำส่งตามลักษณะนี้ เมื่อถึงกำหนดชำระแล้ว ถ้ามิได้เสียหรือนำส่ง ให้ถือเป็นภาษีอากรค้าง
เพื่อให้ได้รับชำระภาษีอากรค้าง ให้อธิบดีมีอำนาจสั่งยึดหรืออายัดและขายทอดตลาดทรัพย์สินของผู้ต้องรับผิดเสียภาษีอากรหรือนำส่งภาษีอากรได้ทั่วราชอาณาจักร โดยมิต้องขอให้ศาลออกหมายยึดหรือสั่ง อำนาจดังกล่าวอธิบดีจะมอบให้รองอธิบดีหรือสรรพากรเขตก็ได้
ในจังหวัดอื่นนอกจากกรุงเทพมหานคร ให้ผู้ว่าราชการจังหวัดหรือนายอำเภอมีอำนาจเช่นเดียวกับอธิบดีตามวรรคสอง ภายในเขตท้องที่จังหวัดหรืออำเภอนั้น แต่สำหรับนายอำเภอนั้น จะใช้อำนาจสั่งขายทอดตลาดได้ต่อเมื่อได้รับอนุญาตจากผู้ว่าราชการจังหวัด
วิธีการยึดและขายทอดตลาดทรัพย์สิน ให้ปฏิบัติตามประมวลกฎหมายวิธีพิจารณาความแพ่งโดยอนุโลม ส่วนวิธีการอายัดให้ปฏิบัติตามระเบียบที่อธิบดีกำหนดโดยอนุมัติรัฐมนตรี
เงินที่ได้จากการขายทอดตลาดดังกล่าว ให้หักค่าธรรมเนียมค่าใช้จ่ายในการยึดและขายทอดตลาดและเงินภาษีอากรค้าง ถ้ามีเงินเหลือให้คืนแก่เจ้าของทรัพย์สิน
ผู้ต้องรับผิดเสียภาษีอากรตามวรรคสอง ให้หมายความรวมถึงผู้เป็นหุ้นส่วนจำพวกไม่จำกัดความรับผิดในห้างหุ้นส่วนนิติบุคคลด้วย",tax,,,,,tax,"rule-based classify_category(law_title, context); provisional",1,requires human verification
ป0008-1D-0001-27_4,ป0008-1D-0001,ประมวลรัษฎากร,27 จัตวา,ประมวลรัษฎากร มาตรา 27 จัตวา เพื่อประโยชน์ในการคืนภาษีอากรตามบทบัญญัติแห่งประมวลรัษฎากร เจ้าพนักงานประเมินอาจส่งหนังสือแจ้งความแก่ผู้มีสิทธิขอคืน หรือบุคคลอื่นที่เกี่ยวข้องมาให้ถ้อยคำ หรือส่งเอกสาร หรือหลักฐานอันควรแก่เรื่องเพื่อประกอบการพิจารณาได้ตามที่เห็นสมควร,tax,,,,,tax,"rule-based classify_category(law_title, context); provisional",1,requires human verification
ป0008-1D-0001-13_5,ป0008-1D-0001,ประมวลรัษฎากร,13 เบญจ,"ประมวลรัษฎากร มาตรา 13 เบญจ การประชุมคณะกรรมการวินิจฉัยภาษีอากรต้องมีกรรมการมาประชุมไม่น้อยกว่ากึ่งหนึ่งของจำนวนกรรมการทั้งหมดจึงเป็นองค์ประชุม
ถ้าประธานกรรมการไม่อยู่ในที่ประชุม ให้กรรมการเลือกกรรมการคนหนึ่งเป็นประธานในที่ประชุม
มติของคณะกรรมการให้ถือเสียงข้างมาก กรรมการคนหนึ่งให้มีเสียงหนึ่งในการลงคะแนน ถ้าคะแนนเสียงเท่ากัน ให้ประธานในที่ประชุมออกเสียงเพิ่มขึ้นอีกเสียงหนึ่งเป็นเสียงชี้ขาด",tax,,,,,tax,"rule-based classify_category(law_title, context); provisional",1,requires human verification
ป0008-1D-0001-122,ป0008-1D-0001,ประมวลรัษฎากร,122,ประมวลรัษฎากร มาตรา 122 ผู้ใดได้เสียค่าอากรหรือค่าเพิ่มอากรเกินไปไม่น้อยกว่า 2 บาท สำหรับตราสารลักษณะเดียวหรือเรื่องเดียว ผู้นั้นชอบที่จะทำคำร้องเป็นหนังสือยื่นต่อพนักงานเจ้าหน้าที่ เมื่ออธิบดีเห็นว่าเกินไปจริงก็ให้คืนค่าอากรหรือค่าเพิ่มอากรที่เกินไปนั้นแก่ผู้เสียอากรได้ แต่คำร้องที่กล่าวนั้นต้องยื่นภายในเวลา 6 เดือน นับแต่วันเสียอากรหรือค่าเพิ่มอากรและต้องประกอบด้วยคำชี้แจงหรือเอกสารซึ่งพนักงานเจ้าหน้าที่หรืออธิบดีเห็นสมควรให้ยื่นสนับสนุนคำร้อง,tax,,,,,tax,"rule-based classify_category(law_title, context); provisional",1,requires human verification
ป0008-1D-0001-90,ป0008-1D-0001,ประมวลรัษฎากร,90,"ประมวลรัษฎากร มาตรา 90 บุคคลดังต่อไปนี้ ฝ่าฝืนหรือไม่ปฏิบัติตามบทบัญญัติที่ระบุไว้ต้องระวางโทษปรับไม่เกินสองพันบาท
(1) ผู้ไม่จัดส่งสำเนาสัญญาหรือเอกสารตามมาตรา 77/4 (2)
(2) ผู้ประกอบการจดทะเบียนไม่ยื่นแบบแสดงรายการภาษีตามมาตรา 83 หรือมาตรา 83/1
(3) ผู้มีหน้าที่เสียภาษีไม่ยื่นแบบแสดงรายการภาษีตามมาตรา 83/2
(4) ผู้มีหน้าที่ยื่นแบบแสดงรายการภาษีไม่ยื่นแบบแสดงรายการภาษีตามมาตรา 83/3
(5) ผู้มีหน้าที่นำส่งเงินภาษีมูลค่าเพิ่มไม่นำส่งภาษีมูลค่าเพิ่มตามมาตรา 83 /5 มาตรา 83/6 หรือมาตรา 83/7
(6) ผู้นำเข้าไม่ยื่นใบขนสินค้าตามมาตรา 83/8 หรือมาตรา 83/9
(7) ผู้ประกอบการจดทะเบียนไม่แจ้งการเปลี่ยนแปลงรายการทะเบียนภาษีมูลค่าเพิ่มตามมาตรา 85/6
(8) ผู้ประกอบการจดทะเบียนไม่คืนใบทะเบียนภาษีมูลค่าเพิ่มตามมาตรา 85/7 วรรคสาม มาตรา 85/8 วรรคสอง มาตรา 85/15 วรรคสอง หรือมาตรา 85/17 วรรคสอง
(9) ผู้ประกอบการจดทะเบียนไม่แจ้งการย้ายสถานประกอบการตามมาตรา 85/8 วรรคหนึ่ง
(10) ผู้ประกอบการจดทะเบียนไม่แจ้งการหยุดประกอบกิจการชั่วคราวตามมาตรา 85/12
(11) ผู้ครอบครองทรัพย์มรดก ผู้จัดการมรดก หรือทายาทของผู้ประกอบการจดทะเบียนไม่คืนใบทะเบียนภาษีมูลค่าเพิ่มตามมาตรา 85/16 วรรคสามหรือวรรคห้า
(12) ผู้ประกอบการจดทะเบียนออกใบกำกับภาษี ใบกำกับภาษีอย่างย่อ ใบเพิ่มหนี้ หรือใบลดหนี้ โดยมีรายการในส่วนที่เป็นสาระสำคัญไม่ครบถ้วนตามมาตรา 86/4 มาตรา 86/5 มาตรา 86/6 มาตรา 86/7 มาตรา 86/9 มาตรา 86/10 หรือมาตรา 86/11
(13) ผู้ประกอบการจดทะเบียนไม่ออกใบแทนใบกำกับภาษี ใบแทนใบเพิ่มหนี้หรือใบแทนใบลดหนี้ ตามมาตรา 86/12
(14) ผู้ประกอบการจดทะเบียนมีสินค้าเกินจากรายงานสินค้าและวัตถุดิบตามมาตรา 87
(15) ผู้ประกอบการจดทะเบียนจัดทำรายงานโดยไม่เป็นไปตามหลักเกณฑ์ วิธีการ และเงื่อนไขที่กำหนดตามมาตรา 87 หรือตามที่อธิบดีกำหนดตามมาตรา 87/1
(16) ผู้ประกอบการจดทะเบียนจงใจไม่เก็บและรักษาใบกำกับภาษีหรือสำเนาใบกำกับภาษี หรือเก็บรักษาเอกสารดังกล่าวโดยไม่เป็นไปตามหลักเกณฑ์ วิธีการ และเงื่อนไขที่กำหนดตามมาตรา 87/3",tax,,,,,tax,"rule-based classify_category(law_title, context); provisional",1,requires human verification
ป0008-1D-0001-38,ป0008-1D-0001,ประมวลรัษฎากร,38,ประมวลรัษฎากร มาตรา 38 ภาษีเงินได้นี้อยู่ในประเภทภาษีอากรประเมิน และให้เจ้าพนักงานประเมินเป็นผู้ประเมินเกี่ยวกับภาษีในหมวดนี้,tax,,,,,tax,"rule-based classify_category(law_title, context); provisional",1,requires human verification
ป0008-1D-0001-83/10,ป0008-1D-0001,ประมวลรัษฎากร,83/10,"ประมวลรัษฎากร มาตรา 83/10 ในการเสียภาษีมูลค่าเพิ่ม
(1) สำหรับสินค้าที่นำเข้า ให้กรมศุลกากรเรียกเก็บเพื่อกรมสรรพากร และในกรณีของตกค้างตามมาตรา 78/2 (3) ให้กรมศุลกากรหักภาษีมูลค่าเพิ่มพร้อมเบี้ยปรับเงินเพิ่มเพื่อกรมสรรพากรตามหลักเกณฑ์ที่อธิบดีกำหนด
(2) สำหรับการขายสินค้าหรือการให้บริการที่ต้องเสียภาษีสรรพสามิตด้วย ให้กรมสรรพสามิตเรียกเก็บเพื่อกรมสรรพากร",tax,,,,,tax,"rule-based classify_category(law_title, context); provisional",1,requires human verification
ป0008-1D-0001-81/1,ป0008-1D-0001,ประมวลรัษฎากร,81/1,"ประมวลรัษฎากร มาตรา 81/1 ผู้ประกอบการซึ่งประกอบกิจการขายสินค้าหรือให้บริการที่อยู่ในบังคับต้องเสียภาษีมูลค่าเพิ่ม และกิจการดังกล่าวมีมูลค่าของฐานภาษีไม่เกินมูลค่าของฐานภาษีของกิจการขนาดย่อมตามที่กำหนดโดยพระราชกฤษฎีกา ให้ได้รับยกเว้นไม่ต้องเสียภาษีมูลค่าเพิ่ม
พระราชกฤษฎีกาตามวรรคหนึ่ง จะกำหนดจำนวนมูลค่าของฐานภาษีของกิจการขนาดย่อมให้แตกต่างกันในกิจการแต่ละประเภทไม่ได้ แต่จำนวนมูลค่าของฐานภาษีที่กำหนดจะต้องไม่น้อยกว่า 600,000 บาทต่อปี",tax,,,,,tax,"rule-based classify_category(law_title, context); provisional",1,requires human verification
ป0008-1D-0001-81,ป0008-1D-0001,ประมวลรัษฎากร,81,"ประมวลรัษฎากร มาตรา 81 ให้ยกเว้นภาษีมูลค่าเพิ่มสำหรับการประกอบกิจการประเภทต่าง ๆ ดังต่อไปนี้
(1) การขายสินค้าที่มิใช่การส่งออก หรือการให้บริการดังต่อไปนี้
(ก) การขายพืชผลทางการเกษตร ไม่ว่าจะเป็นลำต้น กิ่ง ใบ เปลือก หน่อ ราก เหง้า ดอก หัว ฝัก เมล็ด หรือส่วนอื่น ๆ ของพืช และวัตถุพลอยได้จากพืช ทั้งนี้ ที่อยู่ในสภาพสด หรือรักษาสภาพไว้เพื่อมิให้เสียเป็นการชั่วคราวในระหว่างขนส่งด้วยการแช่เย็น แช่เย็นจนแข็ง หรือด้วยการจัดทำหรือปรุงแต่งโดยวิธีการอื่น หรือรักษาสภาพไว้เพื่อมิให้เสียเพื่อการขายปลีกหรือขายส่งด้วยวิธีการแช่เย็น แช่เย็นจนแข็ง ทำให้แห้ง บด ทำให้เป็นชิ้น หรือด้วยวิธีอื่น ข้าวสารหรือผลิตภัณฑ์ที่ได้จากการสีข้าว แต่ไม่รวมถึงไม้ซุง ฟืน หรือผลิตภัณฑ์ที่ได้จากการเลื่อยไม้หรือผลิตภัณฑ์อาหารที่บรรจุกระป๋อง ภาชนะหรือหีบห่อ ที่ทำเป็นอุตสาหกรรม ตามลักษณะ และเงื่อนไขที่อธิบดีกำหนด
(ข) การขายสัตว์ ไม่ว่าจะมีชีวิตหรือไม่มีชีวิต และในกรณีสัตว์ไม่มีชีวิตไม่ว่าจะเป็นเนื้อ ส่วนต่าง ๆ ของสัตว์ ไข่ น้ำนม และวัตถุพลอยได้จากสัตว์ ทั้งนี้ ที่อยู่ในสภาพสดหรือรักษาสภาพไว้เพื่อมิให้เสียเป็นการชั่วคราวในระหว่างขนส่งด้วยการแช่เย็น แช่เย็นจนแข็ง หรือด้วยการจัดทำหรือปรุงแต่งโดยวิธีการอื่น หรือรักษาสภาพไว้เพื่อมิให้เสียเพื่อการขายปลีกหรือขายส่งด้วยวิธีการแช่เย็น แช่เย็นจนแข็ง ทำให้แห้ง บด ทำให้เป็นชิ้น หรือด้วยวิธีอื่น แต่ไม่รวมถึงผลิตภัณฑ์อาหารที่บรรจุกระป๋อง ภาชนะ หรือหีบห่อ ที่ทำเป็นอุตสาหกรรม ตามลักษณะ และ เงื่อนไขที่อธิบดีกำหนด
(ค) การขายปุ๋ย
(ง) การขายปลาป่น อาหารสัตว์
(จ) การขายยาหรือเคมีภัณฑ์ที่ใช้สำหรับพืชหรือสัตว์ เพื่อบำรุงรักษาป้องกัน ทำลายหรือกำจัดศัตรูหรือโรคของพืชและสัตว์
(ฉ) การขายหนังสือพิมพ์ นิตยสาร หรือตำราเรียน
(ช) การให้บริการการศึกษาของสถานศึกษาของทางราชการ สถานศึกษาตามกฎหมายว่าด้วยสถาบันอุดมศึกษาเอกชน หรือโรงเรียนเอกชนตามกฎหมายว่าด้วยโรงเรียนเอกชน
(ซ) การให้บริการที่เป็นงานทางศิลปะและวัฒนธรรมในสาขา และลักษณะการประกอบกิจการที่อธิบดีกำหนดโดยอนุมัติรัฐมนตรี
(ฌ) การให้บริการการประกอบโรคศิลปะ การสอบบัญชี การว่าความหรือการประกอบวิชาชีพอิสระอื่นตามที่อธิบดีกำหนดโดยอนุมัติรัฐมนตรี ทั้งนี้ เฉพาะวิชาชีพอิสระที่มีกฎหมายควบคุมการประกอบวิชาชีพอิสระนั้น
(ญ) การให้บริการรักษาพยาบาลของสถานพยาบาลตามกฎหมายว่าด้วยสถานพยาบาล
(ฎ) การให้บริการวิจัย หรือการให้บริการทางวิชาการ ทั้งนี้ ในสาขา และลักษณะการประกอบกิจการที่อธิบดีกำหนดโดยอนุมัติรัฐมนตรี
(ฎ) การให้บริการห้องสมุด พิพิธภัณฑ์ สวนสัตว์
(ฐ) การให้บริการตามสัญญาจ้างแรงงาน
(ฑ) การให้บริการจัดแข่งขันกีฬาสมัครเล่น
(ฒ) การให้บริการของนักแสดงสาธารณะ ทั้งนี้ เฉพาะบริการในสาขาและลักษณะการประกอบกิจการตามที่อธิบดีกำหนดโดยอนุมัติรัฐมนตรี
(ณ) การให้บริการขนส่งในราชอาณาจักร
(ด) การให้บริการขนส่งระหว่างประเทศ ซึ่งมิใช่เป็นการขนส่งโดยอากาศยานหรือเรือเดินทะเล
(ต) การให้บริการเช่าอสังหาริมทรัพย์
(ถ) การให้บริการของราชการส่วนท้องถิ่น ทั้งนี้ ไม่รวมถึงบริการที่เป็นการพาณิชย์ของราชการส่วนท้องถิ่น หรือเป็นการหารายได้หรือผลประโยชน์ไม่ว่าจะเป็นกิจการสาธารณูปโภคหรือไม่ก็ตาม
(ท) การขายสินค้าหรือการให้บริการของกระทรวง ทบวง กรม ซึ่งส่งรายรับทั้งสิ้นให้แก่รัฐโดยไม่หักรายจ่าย
(ธ) การขายสินค้าหรือการให้บริการเพื่อประโยชน์แก่การศาสนาหรือการสาธารณกุศลภายในประเทศ ซึ่งไม่นำผลกำไรไปจ่ายในทางอื่น
(น) การขายสินค้าหรือการให้บริการตามที่กำหนดโดยพระราชกฤษฎีกา
(2) การนำเข้าสินค้าดังต่อไปนี้
(ก) สินค้าตาม (1) (ก) ถึง (ฉ)
(ข) สินค้าจากต่างประเทศที่นำเข้าไปในเขตปลอดอากร ทั้งนี้ เฉพาะสินค้าที่ได้รับยกเว้นอากรขาเข้าตามกฎหมายว่าด้วยการนั้น
(ค) สินค้าที่จำแนกประเภทไว้ในภาคว่าด้วยของที่ได้รับยกเว้นอากรตามกฎหมายว่าด้วยพิกัดอัตราศุลกากร
(ง) สินค้าซึ่งนำเข้าและอยู่ในอารักขาของศุลกากร แล้วได้ส่งกลับออกไปต่างประเทศ โดยได้คืนอากรขาเข้าตามกฎหมายว่าด้วยศุลกากร
(3) การส่งออกซึ่งสินค้าหรือบริการของผู้ประกอบการจดทะเบียนซึ่งต้องเสียภาษีมูลค่าเพิ่มตามมาตรา 82/16
การยกเว้นภาษีมูลค่าเพิ่มสำหรับการประกอบกิจการตามมาตรานี้ อธิบดีจะเสนอให้คณะกรรมการวินิจฉัยภาษีอากรพิจารณากำหนดลักษณะของกิจการและเงื่อนไขในการประกอบกิจการที่ได้รับการยกเว้นตามมาตรานี้ก็ได้ และเมื่อคณะกรรมการวินิจฉัยภาษีอากรได้วินิจฉัยแล้ว ให้ประกาศคำวินิจฉัยของคณะกรรมการดังกล่าวในราชกิจจานุเบกษาและหากกิจการนั้นมิได้เป็นไปตามลักษณะ และเงื่อนไขที่กำหนด กิจการนั้นจะไม่ได้รับยกเว้นภาษีมูลค่าเพิ่มตามมาตรานี้",tax,,,,,tax,"rule-based classify_category(law_title, context); provisional",1,requires human verification
ภ0002-1B-0001-62,ภ0002-1B-0001,พระราชบัญญัติภาษีเงินได้ปิโตรเลียม พ.ศ. 2514,62,"พระราชบัญญัติภาษีเงินได้ปิโตรเลียม พ.ศ. 2514 มาตรา 62 ให้บริษัทเสียเบี้ยปรับในกรณีและตามอัตราดังต่อไปนี้
(1)ถ้ามิได้ยื่นแบบแสดงรายการเงินได้ตามมาตรา 34 (1) ภายในกำหนดเวลาตามมาตรา 41วรรคหนึ่ง หรือยื่นแบบแสดงรายการเงินได้ตามมาตรา 34 (1) ภายในกำหนดเวลาโดยแสดงประมาณการกำไรสุทธิตามมาตรา 34 วรรคสอง ขาดไปเกินร้อยละ 25ของกำไรสุทธิในรอบระยะเวลาบัญชีนั้นโดยไม่มีเหตุอันสมควรให้เสียเบี้ยปรับอีกร้อยละ 20 ของภาษีที่ต้องชำระตามมาตรา 43 ทวิหรือของภาษีที่ชำระขาด แล้วแต่กรณี
(2)ถ้ามิได้ยื่นแบบแสดงรายการเงินได้ภายในกำหนดเวลาตามมาตรา 41 วรรคหนึ่ง หรือภายในกำหนดเวลาตามมาตรา 34 (2) ที่ขยายหรือเลื่อนออกไปตามมาตรา 5 ให้เสียเบี้ยปรับอีกหนึ่งเท่าของภาษี
(3)ถ้ายื่นแบบแสดงรายการเงินได้ไม่ถูกต้องหรือมีข้อผิดพลาดทำให้จำนวนภาษีที่ต้องเสียลดน้อยลงให้เสียเบี้ยปรับอีกร้อยละ 20 ของภาษีที่ประเมินเพิ่มเติม
(4) ถ้ามิได้หักภาษี ณ ที่จ่ายหรือมิได้ยื่นแบบแสดงรายการหักภาษี ณ ที่จ่าย ภายในกำหนดเวลาตามหมวด 5หรือยื่นแบบแสดงรายการหักภาษี ณ ที่จ่ายไม่ถูกต้องทำให้จำนวนภาษีที่นำส่งนั้นน้อยไปกว่าจำนวนที่ควรต้องนำส่ง ให้เสียเบี้ยปรับอีกร้อยละ20 ของภาษีที่มิได้หัก ณ ที่จ่าย หรือที่มิได้ยื่นแบบแสดงรายการหรือที่ยื่นแบบแสดงรายการขาดไปแล้วแต่กรณี",tax,,,,,tax,"rule-based classify_category(law_title, context); provisional",1,requires human verification
ป0008-1D-0001-s26,ป0008-1D-0001,ประมวลรัษฎากร,ลักษณะแห่งตราสาร 26,"ประมวลรัษฎากร บัญชีอัตราอากรแสตมป์
ลักษณะแห่งตราสาร: 26. ข้อบังคับใหม่หรือสำเนาหนังสือบริคณห์สนธิ หรือข้อบังคับของบริษัทจำกัด ซึ่งเปลี่ยนแปลงใหม่ที่ส่งต่อนายทะเบียน
ค่าอากรแสตมป์: 50 บาท
ผู้ที่ต้องเสียอากร: กรรมการ
ผู้ที่ต้องขีดฆ่าแสตมป์: กรรมการ",tax,,,,,tax,"rule-based classify_category(law_title, context); provisional",1,requires human verification
ป0008-1D-0001-57_6,ป0008-1D-0001,ประมวลรัษฎากร,57 ฉ,"ประมวลรัษฎากร มาตรา 57 ฉ ในการเก็บภาษีเงินได้จากสามีและภริยานั้น ให้สามีและภริยาต่างฝ่ายต่างมีหน้าที่ยื่นรายการเกี่ยวกับเงินได้พึงประเมินที่ตนได้รับในระหว่างปีภาษีที่ล่วงมาแล้วตามมาตรา 56
ในกรณีที่เงินได้พึงประเมินไม่อาจแยกได้อย่างชัดแจ้งว่าเป็นของสามีหรือภริยาแต่ละฝ่ายจำนวนเท่าใดให้ถือเป็นเงินได้พึงประเมินของสามีและภริยาฝ่ายละกึ่งหนึ่ง เว้นแต่เงินได้พึงประเมินตามมาตรา 40 (8) สามีและภริยาจะแบ่งเงินได้พึงประเมินเป็นของแต่ละฝ่ายตามส่วนที่ตกลงกันก็ได้ แต่รวมกันต้องไม่น้อยกว่าเงินได้พึงประเมินที่ได้รับ ถ้าตกลงกันไม่ได้ ให้ถือเป็นเงินได้พึงประเมินของสามีและภริยาฝ่ายละกึ่งหนึ่ง
สามีและภริยาจะตกลงยื่นรายการและเสียภาษีรวมกัน โดยให้ถือเอาเงินได้พึงประเมินของตนเป็นเงินได้ของสามีหรือภริยาอีกฝ่ายหนึ่งก็ได้ หรือจะแยกยื่นรายการและเสียภาษีเฉพาะส่วนที่เป็นเงินได้พึงประเมินตามมาตรา 40 (1) โดยมิให้ถือเอาเป็นเงินได้ของอีกฝ่ายหนึ่งก็ได้แต่ถ้ามีภาษีค้างชำระสามีและภริยาต้องร่วมรับผิดในการเสียภาษีที่ค้างชำระนั้น
เมื่อได้เลือกยื่นรายการตามวรรคสองและวรรคสามในปีภาษีใดแล้ว ให้ถือว่าเป็นวิธีการยื่นรายการสำหรับปีภาษีนั้นตลอดไป เว้นแต่อธิบดีจะอนุมัติให้เปลี่ยนแปลงวิธีการเลือกยื่นรายการดังกล่าว",tax,,,,,tax,"rule-based classify_category(law_title, context); provisional",1,requires human verification
ป0008-1D-0001-79/7,ป0008-1D-0001,ประมวลรัษฎากร,79/7,ประมวลรัษฎากร มาตรา 79/7 ฐานภาษีสำหรับการขายสินค้า การให้บริการ หรือการนำเข้าสินค้าที่มิได้บัญญัติไว้ในส่วนนี้ ให้เป็นไปตามที่กำหนดโดยพระราชกฤษฎีกา และในพระราชกฤษฎีกาจะกำหนดหลักเกณฑ์ และเงื่อนไขใด ๆ เพื่อการคำนวณมูลค่าของฐานภาษีสำหรับกิจการดังกล่าวด้วยก็ได้,tax,,,,,tax,"rule-based classify_category(law_title, context); provisional",1,requires human verification
ป0008-1D-0001-85/10,ป0008-1D-0001,ประมวลรัษฎากร,85/10,"ประมวลรัษฎากร มาตรา 85/10 ให้ผู้ประกอบการจดทะเบียนดังต่อไปนี้ มีสิทธิขอให้อธิบดีสั่งถอนทะเบียนภาษีมูลค่าเพิ่มได้
(1) ในกรณีที่มีพระราชกฤษฎีกากำหนดมูลค่าของฐานภาษีของกิจการขนาดย่อมไว้แล้ว ได้แก่ผู้ประกอบการจดทะเบียนซึ่งกิจการของตนมีมูลค่าของฐานภาษีต่ำกว่ามูลค่าของฐานภาษีของกิจการขนาดย่อมตามที่กำหนดไว้ในพระราชกฤษฎีกาเป็นเวลาติดต่อกันไม่น้อยกว่าสามปีก่อนการขอถอนทะเบียนภาษีมูลค่าเพิ่ม
(2) ในกรณีที่มีการแก้ไขเพิ่มเติมพระราชกฤษฎีกากำหนดมูลค่าของฐานภาษีของกิจการขนาดย่อมให้สูงขึ้นกว่าที่กำหนดไว้ก่อน ได้แก่ผู้ประกอบการจดทะเบียนซึ่งกิจการของตนมีมูลค่าของฐานภาษีก่อนการแก้ไขเพิ่มเติมพระราชกฤษฎีกา ต่ำกว่ามูลค่าของฐานภาษีของกิจการขนาดย่อมเป็นเวลาติดต่อกันไม่น้อยกว่าสามปี
(3) ในกรณีที่ผู้ประกอบการจดทะเบียนได้แจ้งต่ออธิบดีเพื่อเสียภาษีมูลค่าเพิ่มตามมาตรา 81/3 ได้แก่ผู้ประกอบการจดทะเบียนที่เสียภาษีมูลค่าเพิ่มเป็นเวลาติดต่อกันไม่น้อยกว่าระยะเวลาตามที่กำหนดในกฎกระทรวง โดยนับแต่วันที่ผู้นั้นเริ่มเป็นผู้ประกอบการจดทะเบียน และต้องมีมูลค่าของฐานภาษีของกิจการต่ำกว่ามูลค่าของฐานภาษีของกิจการขนาดย่อมที่กำหนดไว้ในพระราชกฤษฎีกาตลอดระยะเวลาดังกล่าว
(4) ในกรณีที่ผู้ประกอบการจดทะเบียนซึ่งต้องเสียภาษีตามมาตรา 82/16 ซึ่งกิจการของตนมีมูลค่าของฐานภาษีต่ำกว่ามูลค่าของฐานภาษีของกิจการขนาดย่อมตามที่กำหนดไว้ในพระราชกฤษฎีกาเป็นเวลาติดต่อกันไม่น้อยกว่าระยะเวลาตามที่กำหนดในกฎกระทรวงก่อนการขอถอนทะเบียนภาษีมูลค่าเพิ่ม
การใช้สิทธิขอให้อธิบดีสั่งถอนทะเบียนภาษีมูลค่าเพิ่มตามวรรคหนึ่ง ให้เป็นไปตามแบบ หลักเกณฑ์ วิธีการ และเงื่อนไขที่อธิบดีกำหนด
กฎกระทรวงตาม (3) จะกำหนดระยะเวลาให้แตกต่างกันในกิจการแต่ละประเภทก็ได้ แต่ระยะเวลาที่กำหนดจะต้องไม่น้อยกว่าสองปี",tax,,,,,tax,"rule-based classify_category(law_title, context); provisional",1,requires human verification
ภ0002-1B-0001-10,ภ0002-1B-0001,พระราชบัญญัติภาษีเงินได้ปิโตรเลียม พ.ศ. 2514,10,"พระราชบัญญัติภาษีเงินได้ปิโตรเลียม พ.ศ. 2514 มาตรา 10 หมายเรียก หนังสือแจ้งการประเมิน หรือหนังสืออื่นที่มีถึงบุคคลใดเพื่อปฏิบัติการตามพระราชบัญญัตินี้ให้นำไปส่งในเวลาระหว่างพระอาทิตย์ขึ้นและพระอาทิตย์ตก หรือในเวลาทำการของผู้รับ หรือส่งโดยทางไปรษณีย์ลงทะเบียน
ถ้าไม่สามารถจะส่งตามวิธีดังกล่าวในวรรคหนึ่งด้วยเหตุใด ๆ ให้ส่งโดยวิธีปิดหมายเรียก หนังสือแจ้งการประเมิน หรือหนังสืออื่น ณ ที่เห็นได้ง่ายที่ประตูบ้าน สำนักงาน ภูมิลำเนา หรือถิ่นที่อยู่ของผู้รับ หรือส่งโดยวิธีย่อข้อความในหมายเรียก หนังสือแจ้งการประเมิน หรือหนังสืออื่นนั้นลงโฆษณาในหนังสือพิมพ์ก็ได้
เมื่อได้ส่งตามวิธีดังกล่าวในวรรคสองและเวลาได้ล่วงพ้นไปสามวันแล้ว ให้ถือว่าบุคคลนั้นได้รับหมายเรียก หนังสือแจ้งการประเมิน หรือหนังสืออื่นนั้นแล้ว",tax,,,,,tax,"rule-based classify_category(law_title, context); provisional",1,requires human verification
ป0008-1D-0001-18_2,ป0008-1D-0001,ประมวลรัษฎากร,18 ทวิ,"ประมวลรัษฎากร มาตรา 18 ทวิ ในกรณีจำเป็นเพื่อรักษาผลประโยชน์ในการจัดเก็บภาษีอากร เจ้าพนักงานประเมินมีอำนาจที่จะประเมินเรียกเก็บภาษีจากผู้ต้องเสียภาษีก่อนถึงกำหนดเวลายื่นรายการได้ เมื่อได้ประเมินแล้วให้แจ้งจำนวนภาษีที่ต้องเสียไปยังผู้ต้องเสียและให้ผู้ต้องเสียภาษีชำระภาษีภายในเจ็ดวันนับแต่วันได้รับแจ้งการประเมิน ในกรณีนี้จะอุทธรณ์การประเมินก็ได้
ภาษีที่ประเมินเรียกเก็บตามความในวรรคก่อน ให้ถือเป็นเครดิตของผู้ต้องเสียภาษีในการคำนวณภาษี
ในการใช้อำนาจตามความในมาตรานี้ เจ้าพนักงานประเมินจะสั่งให้ยื่นรายการรตามแบบที่อธิบดีกำหนดด้วยก็ได้",tax,,,,,tax,"rule-based classify_category(law_title, context); provisional",1,requires human verification
ป0008-1D-0001-s23,ป0008-1D-0001,ประมวลรัษฎากร,ลักษณะแห่งตราสาร 23,"ประมวลรัษฎากร บัญชีอัตราอากรแสตมป์
ลักษณะแห่งตราสาร: 23. คู่ฉบับหรือคู่ฉีกแห่งตราสาร คือ ตราสารซึ่งมีข้อความอย่างเดียวกันกับต้นฉบับหรือต้นสัญญา และผู้กระทำตราสารได้ลงลายมือชื่อไว้อย่างเดียวกับต้นฉบับ
(ก) ถ้าต้นฉบับเสียอากรไม่เกิน 5 บาท
ค่าอากรแสตมป์: 1 บาท
ผู้ที่ต้องเสียอากร: (1) ถ้าไม่มีบุคคลอีกฝ่ายหนึ่งเป็นคู่สัญญาคนที่เสียอากรสำหรับต้นฉบับเป็นผู้เสีย
ผู้ที่ต้องขีดฆ่าแสตมป์: คนเดียวกับผู้ขีดฆ่าต้นฉบับ
(ข) ถ้าเกิน 5 บาท
ค่าอากรแสตมป์: 1 บาท
ผู้ที่ต้องเสียอากร: (2) ถ้ามีบุคคลอีกฝ่ายหนึ่งเป็นคู่สัญญา บุคคลอีกฝ่ายหนึ่งนั้นต้องเป็นผู้เสียอากร
ผู้ที่ต้องขีดฆ่าแสตมป์: คนเดียวกับผู้ขีดฆ่าต้นฉบับ
ยกเว้นไม่ต้องเสียอากร
ถ้าฝ่ายที่ต้องเสียอากรเป็นสหกรณ์",tax,,,,,tax,"rule-based classify_category(law_title, context); provisional",1,requires human verification
ภ0002-1B-0001-65_9,ภ0002-1B-0001,พระราชบัญญัติภาษีเงินได้ปิโตรเลียม พ.ศ. 2514,65 นว,"พระราชบัญญัติภาษีเงินได้ปิโตรเลียม พ.ศ. 2514 มาตรา 65 นว ในกรณีที่บริษัทมีเงินได้ที่ต้องเสียภาษีเงินได้ตามมาตรา 65 จัตวา (2)หรือมีหน้าที่หักภาษีไว้ ณ ที่จ่ายตามมาตรา 45 สำหรับเงินได้ตามมาตรา 65 เบญจวรรคสาม ในรอบระยะเวลาบัญชีใด ให้บริษัทได้รับเครดิตเพื่อหักออกจากภาษีดังกล่าวสำหรับปิโตรเลียมที่ผลิตได้เพื่อใช้ในราชอาณาจักรเป็นจำนวนเงินตามอัตรา ดังต่อไปนี้
(1) ร้อยละ 4.375 ของยอดเงินได้จากการขายปิโตรเลียมหรือมูลค่าของปิโตรเลียมที่จำหน่ายหรือมูลค่าของปิโตรเลียมที่ส่งชำระเป็นค่าภาคหลวงตามมาตรา 22 (1) (2) และ (3)สำหรับปิโตรเลียมที่ผลิตจากแปลงสำรวจที่กรมเชื้อเพลิงธรรมชาติ*กำหนดว่าเป็นแปลงสำรวจในทะเลที่มีน้ำลึกเกิน200 เมตร
(2) ร้อยละ 6.25ของยอดเงินได้จากการขายปิโตรเลียมหรือมูลค่าของปิโตรเลียมที่จำหน่ายหรือมูลค่าของปิโตรเลียมที่ส่งชำระเป็นค่าภาคหลวงตามมาตรา 22 (1) (2) และ (3) สำหรับปิโตรเลียมที่ผลิตจากแปลงสำรวจนอกจาก (1)
การนำเครดิตมาหักจากภาษีตามวรรคหนึ่งให้อยู่ภายใต้ข้อจำกัด ดังต่อไปนี้
(1)เครดิตที่เกิดขึ้นในรอบระยะเวลาบัญชีใด จะต้องมีจำนวนไม่เกินภาษีตามมาตรา 65 จัตวา(1) และ (2) สำหรับกำไรที่ได้ในรอบระยะเวลาบัญชีนั้น หรือภาษีตามมาตรา 65 จัตวา(1) และมาตรา 65 เบญจ วรรคสาม แล้วแต่กรณี
(2) เครดิตที่จะนำมาหักในรอบระยะเวลาบัญชีใดจะต้องไม่เกินภาษีที่ต้องเสียตามมาตรา 65 จัตวา (2) สำหรับรอบระยะเวลาบัญชีนั้นหรือไม่เกินภาษีที่ต้องเสียตามมาตรา 65 เบญจ วรรคสาม สำหรับรอบระยะเวลาบัญชีนั้นซึ่งต้องหักไว้ ณ ที่จ่ายตามมาตรา 45 แล้วแต่กรณี ถ้ายังมีเครดิตเหลืออยู่ให้ยกเครดิตส่วนที่เหลือนั้นไปหักในรอบระยะเวลาบัญชีต่อ ๆ ไปได้",tax,,,,,tax,"rule-based classify_category(law_title, context); provisional",1,requires human verification
ป0008-1D-0001-11,ป0008-1D-0001,ประมวลรัษฎากร,11,ประมวลรัษฎากร มาตรา 11 เว้นแต่จะมีบทบัญญัติหรืออธิบดีจะสั่งเป็นอย่างอื่น ให้นำเงินภาษีอากรไปเสีย ณ ที่ว่าการอำเภอ และการเสียภาษีอากรนั้นให้ถือว่าเป็นการสมบูรณ์เมื่อได้รับใบเสร็จรับเงินซึ่งนายอำเภอได้ลงลายมือชื่อรับเงินแล้ว,tax,,,,,tax,"rule-based classify_category(law_title, context); provisional",1,requires human verification
ภ0002-1B-0001-64,ภ0002-1B-0001,พระราชบัญญัติภาษีเงินได้ปิโตรเลียม พ.ศ. 2514,64,พระราชบัญญัติภาษีเงินได้ปิโตรเลียม พ.ศ. 2514 มาตรา 64 เบี้ยปรับและเงินเพิ่มอาจงดหรือลดลงได้ตามหลักเกณฑ์และวิธีการที่กำหนดในกฎกระทรวง,tax,,,,,tax,"rule-based classify_category(law_title, context); provisional",1,requires human verification
ป0008-1D-0001-3_13,ป0008-1D-0001,ประมวลรัษฎากร,3 เตรส,ประมวลรัษฎากร มาตรา 3 เตรส ในกรณีจำเป็นเพื่อประโยชน์ในการจัดเก็บภาษี ให้อธิบดีมีอำนาจออกคำสั่งให้ผู้จ่ายเงินได้พึงประเมินตามมาตรา 40 ซึ่งไม่มีหน้าที่หักภาษี ณ ที่จ่ายตามลักษณะ 2 หักภาษี ณ ที่จ่ายตามหลักเกณฑ์ เงื่อนไข และอัตราที่กำหนดโดยกฎกระทรวง ในการนี้ ให้นำมาตรา 52 มาตรา 53 มาตรา 54 มาตรา 55 มาตรา 58 มาตรา 59 มาตรา 60 และมาตรา 63 มาใช้บังคับโดยอนุโลม,tax,,,,,tax,"rule-based classify_category(law_title, context); provisional",1,requires human verification
ป0008-1D-0001-27,ป0008-1D-0001,ประมวลรัษฎากร,27,"ประมวลรัษฎากร มาตรา 27 บุคคลใดไม่เสียหรือนำส่งภาษีภายในกำหนดเวลาตามที่บัญญัติไว้ในหมวดต่าง ๆ แห่งลักษณะนี้เกี่ยวกับภาษีอากรประเมิน ให้เสียเงินเพิ่มอีกร้อยละ 1.5 ต่อเดือนหรือเศษของเดือนของเงินภาษีที่ต้องเสียหรือนำส่งโดยไม่รวมเบี้ยปรับ
ในกรณีอธิบดีอนุมัติให้ขยายกำหนดเวลาชำระหรือนำส่งภาษีและได้มีการชำระหรือนำส่งภาษีภายในกำหนดเวลาที่ขยายให้นั้น เงินเพิ่มตามวรรคหนึ่งให้ลดลงเหลือร้อยละ 0.75 ต่อเดือนหรือเศษของเดือน
การคำนวณเงินเพิ่มตามวรรคหนึ่งและวรรคสอง ให้เริ่มนับเมื่อพ้นกำหนดเวลาการยื่นรายการหรือนำส่งภาษีจนถึงวันชำระหรือนำส่งภาษี แต่เงินเพิ่มที่คำนวณได้มิให้เกินจำนวนภาษีที่ต้องเสียหรือนำส่ง ไม่ว่าภาษีที่ต้องเสียหรือนำส่งนั้นจะเกิดจากการประเมินหรือคำสั่งของเจ้าพนักงานหรือคำวินิจฉัยอุทธรณ์หรือคำพิพากษาของศาล",tax,,,,,tax,"rule-based classify_category(law_title, context); provisional",1,requires human verification
ป0008-1D-0001-83/4,ป0008-1D-0001,ประมวลรัษฎากร,83/4,ประมวลรัษฎากร มาตรา 83/4 ภายใต้บังคับส่วน 13 และส่วน 14 ในกรณีที่ผู้ประกอบการจดทะเบียนยื่นแบบแสดงรายการภาษีไว้ไม่ถูกต้องครบถ้วนไม่ว่าการคลาดเคลื่อนนั้นจะเป็นเหตุให้จำนวนภาษีในเดือนภาษีเปลี่ยนแปลงไปหรือไม่ก็ตาม ให้ผู้ประกอบการจดทะเบียนยื่นแบบแสดงรายการภาษีเพิ่มเติมอีกครั้งหนึ่ง พร้อมกับชำระภาษีถ้ามี ให้ถูกต้องครบถ้วน โดยยื่น ณ สถานที่ที่ได้ยื่นแบบแสดงรายการภาษีไว้ก่อน,tax,,,,,tax,"rule-based classify_category(law_title, context); provisional",1,requires human verification
ป0008-1D-0001-78/3,ป0008-1D-0001,ประมวลรัษฎากร,78/3,"ประมวลรัษฎากร มาตรา 78/3 ให้ความรับผิดในการเสียภาษีมูลค่าเพิ่มสำหรับการขายสินค้าหรือการให้บริการในกรณีดังต่อไปนี้ เป็นไปตามที่กำหนดในกฎกระทรวง
(1) การขายสินค้าที่ไม่มีรูปร่างเช่น สิทธิในสิทธิบัตร กู๊ดวิลล์ การขายกระแสไฟฟ้า การขายสินค้าที่มีลักษณะทำนองเดียวกัน หรือการขายสินค้าบางชนิดที่ตามลักษณะของสินค้าไม่อาจกำหนดได้แน่นอนว่ามีการส่งมอบเมื่อใด
(2) การขายสินค้าหรือการให้บริการด้วยเครื่องอัตโนมัติโดยวิธีการชำระราคาด้วยการหยอดเงิน ใช้เหรียญหรือบัตร หรือในลักษณะทำนองเดียวกัน
(3) การขายสินค้าหรือการให้บริการโดยการชำระราคาด้วยการใช้บัตรเครดิตหรือในลักษณะทำนองเดียวกัน
(4) การขายสินค้าตามสัญญาจะขายสินค้าตามมาตรา 77/1 (8) (ก)
(5) การขายสินค้าตามมาตรา 77/1 (8) (ง) (จ) (ฉ) หรือ (ช)
กฎกระทรวงดังกล่าวจะกำหนดให้ความรับผิดในการเสียภาษีมูลค่าเพิ่มเกิดขึ้นแตกต่างกันตามประเภทของสินค้าหรือประเภทของการให้บริการก็ได้",tax,,,,,tax,"rule-based classify_category(law_title, context); provisional",1,requires human verification
ป0008-1D-0001-123_2,ป0008-1D-0001,ประมวลรัษฎากร,123 ทวิ,"ประมวลรัษฎากร มาตรา 123 ทวิ เพื่อให้การเสียอากรในหมวดนี้เป็นไปโดยรัดกุม ให้อธิบดีโดยอนุมัติรัฐมนตรี มีอำนาจกำหนดวิธีการให้ผู้มีหน้าที่เสียอากรปฏิบัติ การกำหนดวิธีการเช่นว่านี้เมื่อได้ประกาศในราชกิจจานุเบกษาแล้วให้ใช้บังคับได้
เพื่อความสะดวกของผู้มีหน้าที่เสียอากร การปฏิบัติในการขีดฆ่าตามความในมาตรา 103 หรือการปฏิบัติตามความในมาตรา 105 มาตรา 105 ทวิ มาตรา 105 ตรี และมาตรา 105 จัตวา นั้น อธิบดีโดยอนุมัติรัฐมนตรี มีอำนาจกำหนดวิธีการให้ปฏิบัติเป็นอย่างอื่น หรือจะยกเว้นไม่ให้ต้องปฏิบัติก็ได้",tax,,,,,tax,"rule-based classify_category(law_title, context); provisional",1,requires human verification
